wav_relpath,gt_emotion,gt_sensitivity,pred,score,index,probabilities
1.기쁨/0032_G1A4E1S0C0_KDD/0032_G1A4E1S0C0_KDD_001684.wav,Happy,즐겁다,hap,1.0,2,"[0.0, 0.0, 1.0, 0.0]"
1.기쁨/0043_G2A4E1S0C0_GYJ/0043_G2A4E1S0C0_GYJ_000855.wav,Happy,반갑다,ang,1.0,1,"[0.0, 1.0, 0.0, 0.0]"
1.기쁨/0043_G2A4E1S0C0_GYJ/0043_G2A4E1S0C0_GYJ_001551.wav,Happy,자유롭다,hap,1.0,2,"[0.0, 0.0, 1.0, 0.0]"
1.기쁨/0029_G2A4E1S0C0_KJE/0029_G2A4E1S0C0_KJE_000286.wav,Happy,굉장하다,hap,0.9059,2,"[0.0, 0.0941, 0.9059, 0.0]"
1.기쁨/0034_G2A4E1S0C0_LJH/0034_G2A4E1S0C0_LJH_001399.wav,Happy,자랑스럽다,hap,1.0,2,"[0.0, 0.0, 1.0, 0.0]"
1.기쁨/0034_G2A4E1S0C0_LJH/0034_G2A4E1S0C0_LJH_001573.wav,Happy,즐겁다,hap,1.0,2,"[0.0, 0.0, 1.0, 0.0]"
1.기쁨/0043_G2A4E1S0C0_GYJ/0043_G2A4E1S0C0_GYJ_001924.wav,Happy,행복하다,hap,0.9735,2,"[0.0013, 0.0252, 0.9735, 0.0]"
1.기쁨/0043_G2A4E1S0C0_GYJ/0043_G2A4E1S0C0_GYJ_000540.wav,Happy,만족스럽다,hap,1.0,2,"[0.0, 0.0, 1.0, 0.0]"
1.기쁨/0029_G2A4E1S0C0_KJE/0029_G2A4E1S0C0_KJE_000397.wav,Happy,만족스럽다,ang,0.5381,1,"[0.4619, 0.5381, 0.0, 0.0]"
1.기쁨/0043_G2A4E1S0C0_GYJ/0043_G2A4E1S0C0_GYJ_001896.wav,Happy,행복하다,ang,1.0,1,"[0.0, 1.0, 0.0, 0.0]"
1.기쁨/0032_G1A4E1S0C0_KDD/0032_G1A4E1S0C0_KDD_000874.wav,Happy,반갑다,hap,1.0,2,"[0.0, 0.0, 1.0, 0.0]"
1.기쁨/0029_G2A4E1S0C0_KJE/0029_G2A4E1S0C0_KJE_000087.wav,Happy,고맙다,ang,0.9759,1,"[0.0241, 0.9759, 0.0, 0.0]"
1.기쁨/0029_G2A4E1S0C0_KJE/0029_G2A4E1S0C0_KJE_000948.wav,Happy,반갑다,hap,1.0,2,"[0.0, 0.0, 1.0, 0.0]"
1.기쁨/0032_G1A4E1S0C0_KDD/0032_G1A4E1S0C0_KDD_000769.wav,Happy,뭉클하다,hap,0.9503,2,"[0.0, 0.0497, 0.9503, 0.0]"
1.기쁨/0043_G2A4E1S0C0_GYJ/0043_G2A4E1S0C0_GYJ_001932.wav,Happy,행복하다,hap,1.0,2,"[0.0, 0.0, 1.0, 0.0]"
1.기쁨/0032_G1A4E1S0C0_KDD/0032_G1A4E1S0C0_KDD_001638.wav,Happy,즐겁다,hap,1.0,2,"[0.0, 0.0, 1.0, 0.0]"
1.기쁨/0034_G2A4E1S0C0_LJH/0034_G2A4E1S0C0_LJH_000248.wav,Happy,굉장하다,hap,1.0,2,"[0.0, 0.0, 1.0, 0.0]"
1.기쁨/0043_G2A4E1S0C0_GYJ/0043_G2A4E1S0C0_GYJ_001992.wav,Happy,홀가분하다,ang,1.0,1,"[0.0, 1.0, 0.0, 0.0]"
1.기쁨/0043_G2A4E1S0C0_GYJ/0043_G2A4E1S0C0_GYJ_001255.wav,Happy,자랑스럽다,ang,1.0,1,"[0.0, 1.0, 0.0, 0.0]"
1.기쁨/0043_G2A4E1S0C0_GYJ/0043_G2A4E1S0C0_GYJ_000581.wav,Happy,만족스럽다,hap,0.9998,2,"[0.0, 0.0002, 0.9998, 0.0]"
1.기쁨/0043_G2A4E1S0C0_GYJ/0043_G2A4E1S0C0_GYJ_000349.wav,Happy,굉장하다,hap,1.0,2,"[0.0, 0.0, 1.0, 0.0]"
1.기쁨/0043_G2A4E1S0C0_GYJ/0043_G2A4E1S0C0_GYJ_001324.wav,Happy,자랑스럽다,ang,1.0,1,"[0.0, 1.0, 0.0, 0.0]"
1.기쁨/0032_G1A4E1S0C0_KDD/0032_G1A4E1S0C0_KDD_001772.wav,Happy,행복하다,hap,1.0,2,"[0.0, 0.0, 1.0, 0.0]"
1.기쁨/0032_G1A4E1S0C0_KDD/0032_G1A4E1S0C0_KDD_001543.wav,Happy,자유롭다,hap,1.0,2,"[0.0, 0.0, 1.0, 0.0]"
1.기쁨/0043_G2A4E1S0C0_GYJ/0043_G2A4E1S0C0_GYJ_001813.wav,Happy,행복하다,hap,0.7462,2,"[0.0, 0.2538, 0.7462, 0.0]"
1.기쁨/0032_G1A4E1S0C0_KDD/0032_G1A4E1S0C0_KDD_001317.wav,Happy,자랑스럽다,ang,0.9981,1,"[0.0, 0.9981, 0.0019, 0.0]"
1.기쁨/0043_G2A4E1S0C0_GYJ/0043_G2A4E1S0C0_GYJ_000177.wav,Happy,굉장하다,ang,1.0,1,"[0.0, 1.0, 0.0, 0.0]"
1.기쁨/0032_G1A4E1S0C0_KDD/0032_G1A4E1S0C0_KDD_001066.wav,Happy,사랑스럽다,hap,1.0,2,"[0.0, 0.0, 1.0, 0.0]"
1.기쁨/0032_G1A4E1S0C0_KDD/0032_G1A4E1S0C0_KDD_001579.wav,Happy,즐겁다,hap,1.0,2,"[0.0, 0.0, 1.0, 0.0]"
1.기쁨/0032_G1A4E1S0C0_KDD/0032_G1A4E1S0C0_KDD_001198.wav,Happy,영광스럽다,ang,0.897,1,"[0.0, 0.897, 0.103, 0.0]"
1.기쁨/0032_G1A4E1S0C0_KDD/0032_G1A4E1S0C0_KDD_000837.wav,Happy,반갑다,hap,1.0,2,"[0.0, 0.0, 1.0, 0.0]"
1.기쁨/0034_G2A4E1S0C0_LJH/0034_G2A4E1S0C0_LJH_001839.wav,Happy,행복하다,hap,1.0,2,"[0.0, 0.0, 1.0, 0.0]"
1.기쁨/0043_G2A4E1S0C0_GYJ/0043_G2A4E1S0C0_GYJ_000555.wav,Happy,만족스럽다,ang,0.9653,1,"[0.0, 0.9653, 0.0347, 0.0]"
1.기쁨/0034_G2A4E1S0C0_LJH/0034_G2A4E1S0C0_LJH_001115.wav,Happy,사랑스럽다,ang,0.9993,1,"[0.0, 0.9993, 0.0007, 0.0]"
1.기쁨/0032_G1A4E1S0C0_KDD/0032_G1A4E1S0C0_KDD_000711.wav,Happy,뭉클하다,hap,1.0,2,"[0.0, 0.0, 1.0, 0.0]"
1.기쁨/0034_G2A4E1S0C0_LJH/0034_G2A4E1S0C0_LJH_001817.wav,Happy,행복하다,ang,1.0,1,"[0.0, 1.0, 0.0, 0.0]"
1.기쁨/0029_G2A4E1S0C0_KJE/0029_G2A4E1S0C0_KJE_001918.wav,Happy,행복하다,hap,1.0,2,"[0.0, 0.0, 1.0, 0.0]"
1.기쁨/0029_G2A4E1S0C0_KJE/0029_G2A4E1S0C0_KJE_001231.wav,Happy,영광스럽다,ang,1.0,1,"[0.0, 1.0, 0.0, 0.0]"
1.기쁨/0043_G2A4E1S0C0_GYJ/0043_G2A4E1S0C0_GYJ_000416.wav,Happy,만족스럽다,ang,1.0,1,"[0.0, 1.0, 0.0, 0.0]"
1.기쁨/0029_G2A4E1S0C0_KJE/0029_G2A4E1S0C0_KJE_001530.wav,Happy,자유롭다,hap,1.0,2,"[0.0, 0.0, 1.0, 0.0]"
1.기쁨/0029_G2A4E1S0C0_KJE/0029_G2A4E1S0C0_KJE_001440.wav,Happy,자랑스럽다,ang,0.9979,1,"[0.0021, 0.9979, 0.0, 0.0]"
1.기쁨/0043_G2A4E1S0C0_GYJ/0043_G2A4E1S0C0_GYJ_000656.wav,Happy,만족스럽다,hap,1.0,2,"[0.0, 0.0, 1.0, 0.0]"
1.기쁨/0032_G1A4E1S0C0_KDD/0032_G1A4E1S0C0_KDD_001736.wav,Happy,즐겁다,ang,0.9999,1,"[0.0, 0.9999, 0.0001, 0.0]"
1.기쁨/0034_G2A4E1S0C0_LJH/0034_G2A4E1S0C0_LJH_001328.wav,Happy,자랑스럽다,hap,0.9996,2,"[0.0, 0.0004, 0.9996, 0.0]"
1.기쁨/0034_G2A4E1S0C0_LJH/0034_G2A4E1S0C0_LJH_000024.wav,Happy,고맙다,hap,0.9996,2,"[0.0, 0.0004, 0.9996, 0.0]"
1.기쁨/0034_G2A4E1S0C0_LJH/0034_G2A4E1S0C0_LJH_001193.wav,Happy,영광스럽다,ang,1.0,1,"[0.0, 1.0, 0.0, 0.0]"
1.기쁨/0043_G2A4E1S0C0_GYJ/0043_G2A4E1S0C0_GYJ_000386.wav,Happy,만족스럽다,hap,1.0,2,"[0.0, 0.0, 1.0, 0.0]"
1.기쁨/0043_G2A4E1S0C0_GYJ/0043_G2A4E1S0C0_GYJ_001878.wav,Happy,행복하다,hap,1.0,2,"[0.0, 0.0, 1.0, 0.0]"
1.기쁨/0029_G2A4E1S0C0_KJE/0029_G2A4E1S0C0_KJE_000051.wav,Happy,고맙다,hap,1.0,2,"[0.0, 0.0, 1.0, 0.0]"
1.기쁨/0029_G2A4E1S0C0_KJE/0029_G2A4E1S0C0_KJE_000615.wav,Happy,만족스럽다,ang,1.0,1,"[0.0, 1.0, 0.0, 0.0]"
2.슬픔/0033_G2A3E2S0C0_KMA/0033_G2A3E2S0C0_KMA_001842.wav,Sad,안타깝다,hap,1.0,2,"[0.0, 0.0, 1.0, 0.0]"
2.슬픔/0036_G1A4E2S0C0_BJS/0036_G1A4E2S0C0_BJS_000749.wav,Sad,불행하다,hap,1.0,2,"[0.0, 0.0, 1.0, 0.0]"
2.슬픔/0036_G1A4E2S0C0_BJS/0036_G1A4E2S0C0_BJS_001254.wav,Sad,쓸쓸하다,hap,1.0,2,"[0.0, 0.0, 1.0, 0.0]"
2.슬픔/0033_G2A3E2S0C0_KMA/0033_G2A3E2S0C0_KMA_001641.wav,Sad,안타깝다,hap,1.0,2,"[0.0, 0.0, 1.0, 0.0]"
2.슬픔/0036_G1A4E2S0C0_BJS/0036_G1A4E2S0C0_BJS_000748.wav,Sad,불행하다,hap,1.0,2,"[0.0, 0.0, 1.0, 0.0]"
2.슬픔/0033_G2A3E2S0C0_KMA/0033_G2A3E2S0C0_KMA_000843.wav,Sad,불행하다,hap,1.0,2,"[0.0, 0.0, 1.0, 0.0]"
2.슬픔/0037_G1A4E2S0C0_SJH/0037_G1A4E2S0C0_SJH_000716.wav,Sad,불쌍하다,hap,1.0,2,"[0.0, 0.0, 1.0, 0.0]"
2.슬픔/0033_G2A3E2S0C0_KMA/0033_G2A3E2S0C0_KMA_000769.wav,Sad,불행하다,hap,0.9819,2,"[0.0, 0.018, 0.9819, 0.0]"
2.슬픔/0035_G1A3E2S0C0_KIH/0035_G1A3E2S0C0_KIH_000429.wav,Sad,그립다,hap,1.0,2,"[0.0, 0.0, 1.0, 0.0]"
2.슬픔/0033_G2A3E2S0C0_KMA/0033_G2A3E2S0C0_KMA_000206.wav,Sad,괴롭다,hap,1.0,2,"[0.0, 0.0, 1.0, 0.0]"
2.슬픔/0037_G1A4E2S0C0_SJH/0037_G1A4E2S0C0_SJH_001141.wav,Sad,시무룩하다,hap,0.9735,2,"[0.0265, 0.0, 0.9735, 0.0]"
2.슬픔/0036_G1A4E2S0C0_BJS/0036_G1A4E2S0C0_BJS_001403.wav,Sad,쓸쓸하다,hap,1.0,2,"[0.0, 0.0, 1.0, 0.0]"
2.슬픔/0035_G1A3E2S0C0_KIH/0035_G1A3E2S0C0_KIH_000035.wav,Sad,가엾다,hap,1.0,2,"[0.0, 0.0, 1.0, 0.0]"
2.슬픔/0033_G2A3E2S0C0_KMA/0033_G2A3E2S0C0_KMA_000448.wav,Sad,그립다,hap,1.0,2,"[0.0, 0.0, 1.0, 0.0]"
2.슬픔/0035_G1A3E2S0C0_KIH/0035_G1A3E2S0C0_KIH_001694.wav,Sad,안타깝다,hap,0.9999,2,"[0.0001, 0.0, 0.9999, 0.0]"
2.슬픔/0036_G1A4E2S0C0_BJS/0036_G1A4E2S0C0_BJS_001652.wav,Sad,안타깝다,hap,0.9999,2,"[0.0, 0.0, 0.9999, 0.0001]"
2.슬픔/0037_G1A4E2S0C0_SJH/0037_G1A4E2S0C0_SJH_000022.wav,Sad,가엾다,neu,1.0,0,"[1.0, 0.0, 0.0, 0.0]"
2.슬픔/0037_G1A4E2S0C0_SJH/0037_G1A4E2S0C0_SJH_001595.wav,Sad,안타깝다,hap,1.0,2,"[0.0, 0.0, 1.0, 0.0]"
2.슬픔/0033_G2A3E2S0C0_KMA/0033_G2A3E2S0C0_KMA_001487.wav,Sad,아쉽다,hap,1.0,2,"[0.0, 0.0, 1.0, 0.0]"
2.슬픔/0036_G1A4E2S0C0_BJS/0036_G1A4E2S0C0_BJS_001587.wav,Sad,안타깝다,hap,1.0,2,"[0.0, 0.0, 1.0, 0.0]"
2.슬픔/0035_G1A3E2S0C0_KIH/0035_G1A3E2S0C0_KIH_001688.wav,Sad,안타깝다,hap,1.0,2,"[0.0, 0.0, 1.0, 0.0]"
2.슬픔/0033_G2A3E2S0C0_KMA/0033_G2A3E2S0C0_KMA_001991.wav,Sad,억울하다,hap,1.0,2,"[0.0, 0.0, 1.0, 0.0]"
2.슬픔/0037_G1A4E2S0C0_SJH/0037_G1A4E2S0C0_SJH_000527.wav,Sad,보잘것없다,hap,0.9812,2,"[0.0188, 0.0, 0.9812, 0.0]"
2.슬픔/0035_G1A3E2S0C0_KIH/0035_G1A3E2S0C0_KIH_001074.wav,Sad,서럽다,hap,1.0,2,"[0.0, 0.0, 1.0, 0.0]"
2.슬픔/0035_G1A3E2S0C0_KIH/0035_G1A3E2S0C0_KIH_000022.wav,Sad,가엾다,hap,1.0,2,"[0.0, 0.0, 1.0, 0.0]"
2.슬픔/0037_G1A4E2S0C0_SJH/0037_G1A4E2S0C0_SJH_000364.wav,Sad,그립다,hap,1.0,2,"[0.0, 0.0, 1.0, 0.0]"
2.슬픔/0037_G1A4E2S0C0_SJH/0037_G1A4E2S0C0_SJH_001229.wav,Sad,시무룩하다,neu,0.9996,0,"[0.9996, 0.0, 0.0004, 0.0]"
2.슬픔/0033_G2A3E2S0C0_KMA/0033_G2A3E2S0C0_KMA_000959.wav,Sad,서럽다,hap,1.0,2,"[0.0, 0.0, 1.0, 0.0]"
2.슬픔/0035_G1A3E2S0C0_KIH/0035_G1A3E2S0C0_KIH_000741.wav,Sad,불쌍하다,hap,1.0,2,"[0.0, 0.0, 1.0, 0.0]"
2.슬픔/0036_G1A4E2S0C0_BJS/0036_G1A4E2S0C0_BJS_001861.wav,Sad,안타깝다,hap,0.5326,2,"[0.4668, 0.0006, 0.5326, 0.0]"
2.슬픔/0035_G1A3E2S0C0_KIH/0035_G1A3E2S0C0_KIH_001695.wav,Sad,안타깝다,hap,1.0,2,"[0.0, 0.0, 1.0, 0.0]"
2.슬픔/0036_G1A4E2S0C0_BJS/0036_G1A4E2S0C0_BJS_000669.wav,Sad,불쌍하다,neu,1.0,0,"[1.0, 0.0, 0.0, 0.0]"
2.슬픔/0036_G1A4E2S0C0_BJS/0036_G1A4E2S0C0_BJS_000128.wav,Sad,가엾다,ang,0.9998,1,"[0.0002, 0.9998, 0.0, 0.0]"
2.슬픔/0035_G1A3E2S0C0_KIH/0035_G1A3E2S0C0_KIH_001011.wav,Sad,서럽다,hap,1.0,2,"[0.0, 0.0, 1.0, 0.0]"
2.슬픔/0036_G1A4E2S0C0_BJS/0036_G1A4E2S0C0_BJS_001394.wav,Sad,쓸쓸하다,hap,1.0,2,"[0.0, 0.0, 1.0, 0.0]"
2.슬픔/0037_G1A4E2S0C0_SJH/0037_G1A4E2S0C0_SJH_001153.wav,Sad,시무룩하다,hap,0.9844,2,"[0.0156, 0.0, 0.9844, 0.0]"
2.슬픔/0033_G2A3E2S0C0_KMA/0033_G2A3E2S0C0_KMA_000414.wav,Sad,그립다,hap,1.0,2,"[0.0, 0.0, 1.0, 0.0]"
2.슬픔/0036_G1A4E2S0C0_BJS/0036_G1A4E2S0C0_BJS_001582.wav,Sad,안타깝다,ang,0.9933,1,"[0.0, 0.9933, 0.0067, 0.0]"
2.슬픔/0037_G1A4E2S0C0_SJH/0037_G1A4E2S0C0_SJH_001445.wav,Sad,아쉽다,hap,1.0,2,"[0.0, 0.0, 1.0, 0.0]"
2.슬픔/0036_G1A4E2S0C0_BJS/0036_G1A4E2S0C0_BJS_001666.wav,Sad,안타깝다,neu,0.8194,0,"[0.8194, 0.0006, 0.18, 0.0]"
2.슬픔/0037_G1A4E2S0C0_SJH/0037_G1A4E2S0C0_SJH_001522.wav,Sad,아쉽다,neu,0.9843,0,"[0.9843, 0.0, 0.0157, 0.0]"
2.슬픔/0036_G1A4E2S0C0_BJS/0036_G1A4E2S0C0_BJS_001121.wav,Sad,서럽다,neu,1.0,0,"[1.0, 0.0, 0.0, 0.0]"
2.슬픔/0033_G2A3E2S0C0_KMA/0033_G2A3E2S0C0_KMA_001458.wav,Sad,아쉽다,hap,1.0,2,"[0.0, 0.0, 1.0, 0.0]"
2.슬픔/0033_G2A3E2S0C0_KMA/0033_G2A3E2S0C0_KMA_000524.wav,Sad,보잘것없다,neu,0.5946,0,"[0.5946, 0.142, 0.2634, 0.0]"
2.슬픔/0033_G2A3E2S0C0_KMA/0033_G2A3E2S0C0_KMA_001861.wav,Sad,안타깝다,hap,1.0,2,"[0.0, 0.0, 1.0, 0.0]"
2.슬픔/0035_G1A3E2S0C0_KIH/0035_G1A3E2S0C0_KIH_000798.wav,Sad,불행하다,hap,0.9954,2,"[0.0, 0.0, 0.9954, 0.0045]"
2.슬픔/0037_G1A4E2S0C0_SJH/0037_G1A4E2S0C0_SJH_000016.wav,Sad,가엾다,neu,0.999,0,"[0.999, 0.0, 0.001, 0.0]"
2.슬픔/0033_G2A3E2S0C0_KMA/0033_G2A3E2S0C0_KMA_001292.wav,Sad,쓸쓸하다,hap,1.0,2,"[0.0, 0.0, 1.0, 0.0]"
2.슬픔/0036_G1A4E2S0C0_BJS/0036_G1A4E2S0C0_BJS_001567.wav,Sad,안타깝다,hap,1.0,2,"[0.0, 0.0, 1.0, 0.0]"
2.슬픔/0033_G2A3E2S0C0_KMA/0033_G2A3E2S0C0_KMA_001609.wav,Sad,안타깝다,hap,1.0,2,"[0.0, 0.0, 1.0, 0.0]"
3.분노/0006_G1A3E3S0C0_LHJ/0006_G1A3E3S0C0_LHJ_000002.wav,Angry,경멸스럽다,hap,1.0,2,"[0.0, 0.0, 1.0, 0.0]"
3.분노/0044_G2A5E3S0C0_KTH/0044_G2A5E3S0C0_KTH_001000.wav,Angry,뻔뻔스럽다,ang,1.0,1,"[0.0, 1.0, 0.0, 0.0]"
3.분노/0006_G1A3E3S0C0_LHJ/0006_G1A3E3S0C0_LHJ_001372.wav,Angry,억울하다,hap,1.0,2,"[0.0, 0.0, 1.0, 0.0]"
3.분노/0018_G2A3E3S0C0_JBR/0018_G2A3E3S0C0_JBR_001478.wav,Angry,억울하다,neu,0.9899,0,"[0.9899, 0.0101, 0.0001, 0.0]"
3.분노/0044_G2A5E3S0C0_KTH/0044_G2A5E3S0C0_KTH_001123.wav,Angry,아니꼽다,hap,0.9113,2,"[0.0, 0.0887, 0.9113, 0.0]"
3.분노/0006_G1A3E3S0C0_LHJ/0006_G1A3E3S0C0_LHJ_001287.wav,Angry,악랄하다,hap,1.0,2,"[0.0, 0.0, 1.0, 0.0]"
3.분노/0044_G2A5E3S0C0_KTH/0044_G2A5E3S0C0_KTH_001556.wav,Angry,언짢다,ang,1.0,1,"[0.0, 1.0, 0.0, 0.0]"
3.분노/0043_G2A4E3S0C0_GYJ/0043_G2A4E3S0C0_GYJ_000577.wav,Angry,밉다,hap,0.9999,2,"[0.0, 0.0001, 0.9999, 0.0]"
3.분노/0006_G1A3E3S0C0_LHJ/0006_G1A3E3S0C0_LHJ_000271.wav,Angry,기막히다,hap,1.0,2,"[0.0, 0.0, 1.0, 0.0]"
3.분노/0006_G1A3E3S0C0_LHJ/0006_G1A3E3S0C0_LHJ_000776.wav,Angry,배은망덕하다,hap,1.0,2,"[0.0, 0.0, 1.0, 0.0]"
3.분노/0044_G2A5E3S0C0_KTH/0044_G2A5E3S0C0_KTH_000712.wav,Angry,밉다,ang,1.0,1,"[0.0, 1.0, 0.0, 0.0]"
3.분노/0006_G1A3E3S0C0_LHJ/0006_G1A3E3S0C0_LHJ_001741.wav,Angry,언짢다,hap,1.0,2,"[0.0, 0.0, 1.0, 0.0]"
3.분노/0018_G2A3E3S0C0_JBR/0018_G2A3E3S0C0_JBR_000890.wav,Angry,부당하다,neu,0.9998,0,"[0.9998, 0.0002, 0.0, 0.0]"
3.분노/0044_G2A5E3S0C0_KTH/0044_G2A5E3S0C0_KTH_001025.wav,Angry,뻔뻔스럽다,ang,1.0,1,"[0.0, 1.0, 0.0, 0.0]"
3.분노/0018_G2A3E3S0C0_JBR/0018_G2A3E3S0C0_JBR_000180.wav,Angry,기막히다,hap,1.0,2,"[0.0, 0.0, 1.0, 0.0]"
3.분노/0006_G1A3E3S0C0_LHJ/0006_G1A3E3S0C0_LHJ_001578.wav,Angry,언짢다,ang,0.7934,1,"[0.0562, 0.7934, 0.1504, 0.0]"
3.분노/0043_G2A4E3S0C0_GYJ/0043_G2A4E3S0C0_GYJ_000203.wav,Angry,기막히다,hap,1.0,2,"[0.0, 0.0, 1.0, 0.0]"
3.분노/0006_G1A3E3S0C0_LHJ/0006_G1A3E3S0C0_LHJ_000953.wav,Angry,뻔뻔스럽다,hap,1.0,2,"[0.0, 0.0, 1.0, 0.0]"
3.분노/0018_G2A3E3S0C0_JBR/0018_G2A3E3S0C0_JBR_001812.wav,Angry,짜증스럽다,ang,1.0,1,"[0.0, 1.0, 0.0, 0.0]"
3.분노/0044_G2A5E3S0C0_KTH/0044_G2A5E3S0C0_KTH_001360.wav,Angry,억울하다,ang,0.9967,1,"[0.0, 0.9967, 0.0033, 0.0]"
3.분노/0006_G1A3E3S0C0_LHJ/0006_G1A3E3S0C0_LHJ_001206.wav,Angry,아니꼽다,hap,1.0,2,"[0.0, 0.0, 1.0, 0.0]"
3.분노/0044_G2A5E3S0C0_KTH/0044_G2A5E3S0C0_KTH_001663.wav,Angry,언짢다,hap,1.0,2,"[0.0, 0.0, 1.0, 0.0]"
3.분노/0043_G2A4E3S0C0_GYJ/0043_G2A4E3S0C0_GYJ_001108.wav,Angry,아니꼽다,hap,1.0,2,"[0.0, 0.0, 1.0, 0.0]"
3.분노/0043_G2A4E3S0C0_GYJ/0043_G2A4E3S0C0_GYJ_000840.wav,Angry,부당하다,hap,1.0,2,"[0.0, 0.0, 1.0, 0.0]"
3.분노/0043_G2A4E3S0C0_GYJ/0043_G2A4E3S0C0_GYJ_000287.wav,Angry,기막히다,hap,1.0,2,"[0.0, 0.0, 1.0, 0.0]"
3.분노/0044_G2A5E3S0C0_KTH/0044_G2A5E3S0C0_KTH_000867.wav,Angry,부당하다,ang,1.0,1,"[0.0, 1.0, 0.0, 0.0]"
3.분노/0006_G1A3E3S0C0_LHJ/0006_G1A3E3S0C0_LHJ_001634.wav,Angry,언짢다,hap,1.0,2,"[0.0, 0.0, 1.0, 0.0]"
3.분노/0044_G2A5E3S0C0_KTH/0044_G2A5E3S0C0_KTH_000752.wav,Angry,배은망덕하다,hap,0.9993,2,"[0.0, 0.0007, 0.9993, 0.0]"
3.분노/0006_G1A3E3S0C0_LHJ/0006_G1A3E3S0C0_LHJ_001683.wav,Angry,언짢다,hap,1.0,2,"[0.0, 0.0, 1.0, 0.0]"
3.분노/0006_G1A3E3S0C0_LHJ/0006_G1A3E3S0C0_LHJ_002114.wav,Angry,치욕스럽다,hap,1.0,2,"[0.0, 0.0, 1.0, 0.0]"
3.분노/0043_G2A4E3S0C0_GYJ/0043_G2A4E3S0C0_GYJ_001002.wav,Angry,뻔뻔스럽다,hap,1.0,2,"[0.0, 0.0, 1.0, 0.0]"
3.분노/0043_G2A4E3S0C0_GYJ/0043_G2A4E3S0C0_GYJ_001512.wav,Angry,언짢다,hap,1.0,2,"[0.0, 0.0, 1.0, 0.0]"
3.분노/0006_G1A3E3S0C0_LHJ/0006_G1A3E3S0C0_LHJ_000709.wav,Angry,밉다,hap,1.0,2,"[0.0, 0.0, 1.0, 0.0]"
3.분노/0044_G2A5E3S0C0_KTH/0044_G2A5E3S0C0_KTH_000511.wav,Angry,무례하다,ang,0.8246,1,"[0.0, 0.8246, 0.1754, 0.0]"
3.분노/0044_G2A5E3S0C0_KTH/0044_G2A5E3S0C0_KTH_001417.wav,Angry,억울하다,ang,0.9996,1,"[0.0, 0.9996, 0.0004, 0.0]"
3.분노/0043_G2A4E3S0C0_GYJ/0043_G2A4E3S0C0_GYJ_001114.wav,Angry,아니꼽다,hap,1.0,2,"[0.0, 0.0, 1.0, 0.0]"
3.분노/0018_G2A3E3S0C0_JBR/0018_G2A3E3S0C0_JBR_000201.wav,Angry,기막히다,hap,0.9849,2,"[0.0, 0.0151, 0.9849, 0.0]"
3.분노/0018_G2A3E3S0C0_JBR/0018_G2A3E3S0C0_JBR_001099.wav,Angry,아니꼽다,ang,0.9991,1,"[0.0, 0.9991, 0.0009, 0.0]"
3.분노/0018_G2A3E3S0C0_JBR/0018_G2A3E3S0C0_JBR_000884.wav,Angry,부당하다,hap,1.0,2,"[0.0, 0.0, 1.0, 0.0]"
3.분노/0044_G2A5E3S0C0_KTH/0044_G2A5E3S0C0_KTH_001045.wav,Angry,아니꼽다,ang,1.0,1,"[0.0, 1.0, 0.0, 0.0]"
3.분노/0044_G2A5E3S0C0_KTH/0044_G2A5E3S0C0_KTH_001538.wav,Angry,언짢다,hap,1.0,2,"[0.0, 0.0, 1.0, 0.0]"
3.분노/0043_G2A4E3S0C0_GYJ/0043_G2A4E3S0C0_GYJ_000214.wav,Angry,기막히다,hap,1.0,2,"[0.0, 0.0, 1.0, 0.0]"
3.분노/0018_G2A3E3S0C0_JBR/0018_G2A3E3S0C0_JBR_000307.wav,Angry,기막히다,neu,0.9991,0,"[0.9991, 0.0002, 0.0007, 0.0]"
3.분노/0043_G2A4E3S0C0_GYJ/0043_G2A4E3S0C0_GYJ_000455.wav,Angry,끔찍하다,hap,1.0,2,"[0.0, 0.0, 1.0, 0.0]"
3.분노/0006_G1A3E3S0C0_LHJ/0006_G1A3E3S0C0_LHJ_000576.wav,Angry,밉다,ang,1.0,1,"[0.0, 1.0, 0.0, 0.0]"
3.분노/0043_G2A4E3S0C0_GYJ/0043_G2A4E3S0C0_GYJ_001100.wav,Angry,아니꼽다,hap,1.0,2,"[0.0, 0.0, 1.0, 0.0]"
3.분노/0006_G1A3E3S0C0_LHJ/0006_G1A3E3S0C0_LHJ_000219.wav,Angry,기막히다,hap,1.0,2,"[0.0, 0.0, 1.0, 0.0]"
3.분노/0018_G2A3E3S0C0_JBR/0018_G2A3E3S0C0_JBR_001607.wav,Angry,언짢다,ang,0.7533,1,"[0.139, 0.7533, 0.1077, 0.0]"
3.분노/0018_G2A3E3S0C0_JBR/0018_G2A3E3S0C0_JBR_000527.wav,Angry,무례하다,hap,1.0,2,"[0.0, 0.0, 1.0, 0.0]"
3.분노/0006_G1A3E3S0C0_LHJ/0006_G1A3E3S0C0_LHJ_000445.wav,Angry,끔찍하다,hap,1.0,2,"[0.0, 0.0, 1.0, 0.0]"
4.불안/0007_G1A4E4S0C0_JYS/0007_G1A4E4S0C0_JYS_000805.wav,Anxious,두렵다,hap,1.0,2,"[0.0, 0.0, 1.0, 0.0]"
4.불안/0026_G2A3E4S0C0_JSH/0026_G2A3E4S0C0_JSH_000103.wav,Anxious,갑갑하다,hap,0.9151,2,"[0.0181, 0.0669, 0.9151, 0.0]"
4.불안/0014_G2A3E4S0C0_ASH/0014_G2A3E4S0C0_ASH_001318.wav,Anxious,심란하다,hap,1.0,2,"[0.0, 0.0, 1.0, 0.0]"
4.불안/0012_G1A2E4S0C0_CHY/0012_G1A2E4S0C0_CHY_001133.wav,Anxious,심란하다,neu,0.9005,0,"[0.9005, 0.0202, 0.0793, 0.0]"
4.불안/0014_G2A3E4S0C0_ASH/0014_G2A3E4S0C0_ASH_000714.wav,Anxious,두렵다,hap,0.9982,2,"[0.0004, 0.0014, 0.9982, 0.0]"
4.불안/0014_G2A3E4S0C0_ASH/0014_G2A3E4S0C0_ASH_000467.wav,Anxious,다급하다,hap,0.9998,2,"[0.0, 0.0002, 0.9998, 0.0]"
4.불안/0012_G1A2E4S0C0_CHY/0012_G1A2E4S0C0_CHY_000852.wav,Anxious,불확실하다,hap,1.0,2,"[0.0, 0.0, 1.0, 0.0]"
4.불안/0014_G2A3E4S0C0_ASH/0014_G2A3E4S0C0_ASH_000213.wav,Anxious,고통스럽다,hap,1.0,2,"[0.0, 0.0, 1.0, 0.0]"
4.불안/0012_G1A2E4S0C0_CHY/0012_G1A2E4S0C0_CHY_001238.wav,Anxious,심란하다,hap,1.0,2,"[0.0, 0.0, 1.0, 0.0]"
4.불안/0007_G1A4E4S0C0_JYS/0007_G1A4E4S0C0_JYS_000424.wav,Anxious,다급하다,hap,1.0,2,"[0.0, 0.0, 1.0, 0.0]"
4.불안/0026_G2A3E4S0C0_JSH/0026_G2A3E4S0C0_JSH_000895.wav,Anxious,불확실하다,ang,0.8888,1,"[0.0, 0.8888, 0.1112, 0.0]"
4.불안/0007_G1A4E4S0C0_JYS/0007_G1A4E4S0C0_JYS_001623.wav,Anxious,위험하다,hap,1.0,2,"[0.0, 0.0, 1.0, 0.0]"
4.불안/0026_G2A3E4S0C0_JSH/0026_G2A3E4S0C0_JSH_000548.wav,Anxious,두렵다,ang,0.9999,1,"[0.0, 0.9999, 0.0001, 0.0]"
4.불안/0014_G2A3E4S0C0_ASH/0014_G2A3E4S0C0_ASH_000076.wav,Anxious,갑갑하다,hap,1.0,2,"[0.0, 0.0, 1.0, 0.0]"
4.불안/0007_G1A4E4S0C0_JYS/0007_G1A4E4S0C0_JYS_001853.wav,Anxious,의심스럽다,hap,1.0,2,"[0.0, 0.0, 1.0, 0.0]"
4.불안/0026_G2A3E4S0C0_JSH/0026_G2A3E4S0C0_JSH_000471.wav,Anxious,다급하다,ang,1.0,1,"[0.0, 1.0, 0.0, 0.0]"
4.불안/0007_G1A4E4S0C0_JYS/0007_G1A4E4S0C0_JYS_001927.wav,Anxious,조마조마하다,hap,0.9973,2,"[0.0, 0.0027, 0.9973, 0.0]"
4.불안/0012_G1A2E4S0C0_CHY/0012_G1A2E4S0C0_CHY_001149.wav,Anxious,심란하다,hap,0.9503,2,"[0.0034, 0.0463, 0.9503, 0.0]"
4.불안/0026_G2A3E4S0C0_JSH/0026_G2A3E4S0C0_JSH_001020.wav,Anxious,수상하다,hap,0.9727,2,"[0.0, 0.0273, 0.9727, 0.0]"
4.불안/0007_G1A4E4S0C0_JYS/0007_G1A4E4S0C0_JYS_001962.wav,Anxious,조마조마하다,hap,1.0,2,"[0.0, 0.0, 1.0, 0.0]"
4.불안/0012_G1A2E4S0C0_CHY/0012_G1A2E4S0C0_CHY_001468.wav,Anxious,약하다,hap,0.9667,2,"[0.0329, 0.0004, 0.9667, 0.0]"
4.불안/0007_G1A4E4S0C0_JYS/0007_G1A4E4S0C0_JYS_001455.wav,Anxious,아득하다,hap,1.0,2,"[0.0, 0.0, 1.0, 0.0]"
4.불안/0026_G2A3E4S0C0_JSH/0026_G2A3E4S0C0_JSH_000570.wav,Anxious,두렵다,ang,0.9218,1,"[0.0782, 0.9218, 0.0, 0.0]"
4.불안/0014_G2A3E4S0C0_ASH/0014_G2A3E4S0C0_ASH_001316.wav,Anxious,심란하다,neu,0.6028,0,"[0.6028, 0.3972, 0.0, 0.0]"
4.불안/0007_G1A4E4S0C0_JYS/0007_G1A4E4S0C0_JYS_001865.wav,Anxious,의심스럽다,hap,1.0,2,"[0.0, 0.0, 1.0, 0.0]"
4.불안/0026_G2A3E4S0C0_JSH/0026_G2A3E4S0C0_JSH_000157.wav,Anxious,고통스럽다,hap,0.6826,2,"[0.2856, 0.0316, 0.6826, 0.0002]"
4.불안/0026_G2A3E4S0C0_JSH/0026_G2A3E4S0C0_JSH_001218.wav,Anxious,심란하다,hap,1.0,2,"[0.0, 0.0, 1.0, 0.0]"
4.불안/0012_G1A2E4S0C0_CHY/0012_G1A2E4S0C0_CHY_001721.wav,Anxious,의심스럽다,hap,1.0,2,"[0.0, 0.0, 1.0, 0.0]"
4.불안/0012_G1A2E4S0C0_CHY/0012_G1A2E4S0C0_CHY_000609.wav,Anxious,두렵다,hap,1.0,2,"[0.0, 0.0, 1.0, 0.0]"
4.불안/0014_G2A3E4S0C0_ASH/0014_G2A3E4S0C0_ASH_000290.wav,Anxious,꺼림칙하다,ang,0.9995,1,"[0.0, 0.9995, 0.0005, 0.0]"
4.불안/0007_G1A4E4S0C0_JYS/0007_G1A4E4S0C0_JYS_000347.wav,Anxious,꺼림칙하다,hap,1.0,2,"[0.0, 0.0, 1.0, 0.0]"
4.불안/0012_G1A2E4S0C0_CHY/0012_G1A2E4S0C0_CHY_000368.wav,Anxious,다급하다,hap,0.9999,2,"[0.0, 0.0001, 0.9999, 0.0]"
4.불안/0026_G2A3E4S0C0_JSH/0026_G2A3E4S0C0_JSH_000246.wav,Anxious,꺼림칙하다,hap,0.9999,2,"[0.0, 0.0001, 0.9999, 0.0]"
4.불안/0007_G1A4E4S0C0_JYS/0007_G1A4E4S0C0_JYS_000737.wav,Anxious,두렵다,hap,1.0,2,"[0.0, 0.0, 1.0, 0.0]"
4.불안/0007_G1A4E4S0C0_JYS/0007_G1A4E4S0C0_JYS_000534.wav,Anxious,두렵다,hap,0.9888,2,"[0.0, 0.0112, 0.9888, 0.0]"
4.불안/0007_G1A4E4S0C0_JYS/0007_G1A4E4S0C0_JYS_001646.wav,Anxious,의심스럽다,hap,1.0,2,"[0.0, 0.0, 1.0, 0.0]"
4.불안/0026_G2A3E4S0C0_JSH/0026_G2A3E4S0C0_JSH_001655.wav,Anxious,의심스럽다,hap,1.0,2,"[0.0, 0.0, 1.0, 0.0]"
4.불안/0007_G1A4E4S0C0_JYS/0007_G1A4E4S0C0_JYS_001860.wav,Anxious,의심스럽다,hap,1.0,2,"[0.0, 0.0, 1.0, 0.0]"
4.불안/0012_G1A2E4S0C0_CHY/0012_G1A2E4S0C0_CHY_001512.wav,Anxious,위험하다,hap,0.9964,2,"[0.0, 0.0036, 0.9964, 0.0]"
4.불안/0026_G2A3E4S0C0_JSH/0026_G2A3E4S0C0_JSH_000580.wav,Anxious,두렵다,hap,0.7694,2,"[0.0, 0.2306, 0.7694, 0.0]"
4.불안/0014_G2A3E4S0C0_ASH/0014_G2A3E4S0C0_ASH_001699.wav,Anxious,의심스럽다,ang,0.9995,1,"[0.0005, 0.9995, 0.0001, 0.0]"
4.불안/0026_G2A3E4S0C0_JSH/0026_G2A3E4S0C0_JSH_001516.wav,Anxious,위험하다,ang,1.0,1,"[0.0, 1.0, 0.0, 0.0]"
4.불안/0012_G1A2E4S0C0_CHY/0012_G1A2E4S0C0_CHY_000857.wav,Anxious,불확실하다,ang,0.9629,1,"[0.0002, 0.9629, 0.0369, 0.0]"
4.불안/0012_G1A2E4S0C0_CHY/0012_G1A2E4S0C0_CHY_001435.wav,Anxious,아득하다,hap,1.0,2,"[0.0, 0.0, 1.0, 0.0]"
4.불안/0007_G1A4E4S0C0_JYS/0007_G1A4E4S0C0_JYS_001058.wav,Anxious,수상하다,hap,1.0,2,"[0.0, 0.0, 1.0, 0.0]"
4.불안/0014_G2A3E4S0C0_ASH/0014_G2A3E4S0C0_ASH_000284.wav,Anxious,꺼림칙하다,ang,1.0,1,"[0.0, 1.0, 0.0, 0.0]"
4.불안/0007_G1A4E4S0C0_JYS/0007_G1A4E4S0C0_JYS_000382.wav,Anxious,다급하다,hap,1.0,2,"[0.0, 0.0, 1.0, 0.0]"
4.불안/0007_G1A4E4S0C0_JYS/0007_G1A4E4S0C0_JYS_000570.wav,Anxious,두렵다,hap,1.0,2,"[0.0, 0.0, 1.0, 0.0]"
4.불안/0007_G1A4E4S0C0_JYS/0007_G1A4E4S0C0_JYS_001424.wav,Anxious,아득하다,hap,1.0,2,"[0.0, 0.0, 1.0, 0.0]"
4.불안/0014_G2A3E4S0C0_ASH/0014_G2A3E4S0C0_ASH_000591.wav,Anxious,두렵다,neu,1.0,0,"[1.0, 0.0, 0.0, 0.0]"
5.상처/0026_G2A3E5S0C0_JSH/0026_G2A3E5S0C0_JSH_001798.wav,Hurt,슬프다,hap,1.0,2,"[0.0, 0.0, 1.0, 0.0]"
5.상처/0026_G2A3E5S0C0_JSH/0026_G2A3E5S0C0_JSH_000271.wav,Hurt,괴롭다,hap,1.0,2,"[0.0, 0.0, 1.0, 0.0]"
5.상처/0026_G2A3E5S0C0_JSH/0026_G2A3E5S0C0_JSH_001193.wav,Hurt,뼈아프다,hap,1.0,2,"[0.0, 0.0, 1.0, 0.0]"
5.상처/0021_G1A3E5S0C0_GTE/0021_G1A3E5S0C0_GTE_001268.wav,Hurt,뼈아프다,hap,0.5379,2,"[0.0, 0.4621, 0.5379, 0.0]"
5.상처/0014_G2A3E5S0C0_ASH/0014_G2A3E5S0C0_ASH_001974.wav,Hurt,쓰리다,ang,0.7839,1,"[0.2152, 0.7839, 0.0009, 0.0]"
5.상처/0021_G1A3E5S0C0_GTE/0021_G1A3E5S0C0_GTE_000721.wav,Hurt,못되다,neu,0.714,0,"[0.714, 0.0, 0.286, 0.0]"
5.상처/0026_G2A3E5S0C0_JSH/0026_G2A3E5S0C0_JSH_001266.wav,Hurt,뼈아프다,ang,1.0,1,"[0.0, 1.0, 0.0, 0.0]"
5.상처/0026_G2A3E5S0C0_JSH/0026_G2A3E5S0C0_JSH_001034.wav,Hurt,불행하다,hap,0.9976,2,"[0.0, 0.0024, 0.9976, 0.0]"
5.상처/0014_G2A3E5S0C0_ASH/0014_G2A3E5S0C0_ASH_000578.wav,Hurt,냉정하다,hap,1.0,2,"[0.0, 0.0, 1.0, 0.0]"
5.상처/0005_G1A3E5S0C0_LJB/0005_G1A3E5S0C0_LJB_001649.wav,Hurt,슬프다,hap,1.0,2,"[0.0, 0.0, 1.0, 0.0]"
5.상처/0021_G1A3E5S0C0_GTE/0021_G1A3E5S0C0_GTE_001711.wav,Hurt,슬프다,ang,0.7091,1,"[0.0, 0.7091, 0.2909, 0.0]"
5.상처/0026_G2A3E5S0C0_JSH/0026_G2A3E5S0C0_JSH_000454.wav,Hurt,냉정하다,hap,0.9965,2,"[0.0, 0.0035, 0.9965, 0.0]"
5.상처/0021_G1A3E5S0C0_GTE/0021_G1A3E5S0C0_GTE_001045.wav,Hurt,불행하다,hap,1.0,2,"[0.0, 0.0, 1.0, 0.0]"
5.상처/0021_G1A3E5S0C0_GTE/0021_G1A3E5S0C0_GTE_001481.wav,Hurt,섭섭하다,neu,0.9153,0,"[0.9153, 0.0847, 0.0001, 0.0]"
5.상처/0014_G2A3E5S0C0_ASH/0014_G2A3E5S0C0_ASH_000179.wav,Hurt,고통스럽다,ang,0.9782,1,"[0.0, 0.9782, 0.0217, 0.0]"
5.상처/0021_G1A3E5S0C0_GTE/0021_G1A3E5S0C0_GTE_000168.wav,Hurt,고통스럽다,hap,0.9998,2,"[0.0, 0.0002, 0.9998, 0.0]"
5.상처/0026_G2A3E5S0C0_JSH/0026_G2A3E5S0C0_JSH_001710.wav,Hurt,슬프다,ang,0.9992,1,"[0.0, 0.9992, 0.0008, 0.0]"
5.상처/0026_G2A3E5S0C0_JSH/0026_G2A3E5S0C0_JSH_000712.wav,Hurt,매정하다,neu,1.0,0,"[1.0, 0.0, 0.0, 0.0]"
5.상처/0014_G2A3E5S0C0_ASH/0014_G2A3E5S0C0_ASH_000890.wav,Hurt,무관심하다,hap,1.0,2,"[0.0, 0.0, 1.0, 0.0]"
5.상처/0005_G1A3E5S0C0_LJB/0005_G1A3E5S0C0_LJB_001406.wav,Hurt,서럽다,hap,1.0,2,"[0.0, 0.0, 1.0, 0.0]"
5.상처/0021_G1A3E5S0C0_GTE/0021_G1A3E5S0C0_GTE_000511.wav,Hurt,냉정하다,hap,0.995,2,"[0.0024, 0.0026, 0.995, 0.0]"
5.상처/0014_G2A3E5S0C0_ASH/0014_G2A3E5S0C0_ASH_001134.wav,Hurt,불행하다,hap,1.0,2,"[0.0, 0.0, 1.0, 0.0]"
5.상처/0026_G2A3E5S0C0_JSH/0026_G2A3E5S0C0_JSH_002000.wav,Hurt,쓰리다,hap,1.0,2,"[0.0, 0.0, 1.0, 0.0]"
5.상처/0005_G1A3E5S0C0_LJB/0005_G1A3E5S0C0_LJB_001652.wav,Hurt,슬프다,ang,1.0,1,"[0.0, 1.0, 0.0, 0.0]"
5.상처/0014_G2A3E5S0C0_ASH/0014_G2A3E5S0C0_ASH_000510.wav,Hurt,냉정하다,neu,1.0,0,"[1.0, 0.0, 0.0, 0.0]"
5.상처/0021_G1A3E5S0C0_GTE/0021_G1A3E5S0C0_GTE_001933.wav,Hurt,쓰리다,hap,1.0,2,"[0.0, 0.0, 1.0, 0.0]"
5.상처/0014_G2A3E5S0C0_ASH/0014_G2A3E5S0C0_ASH_000720.wav,Hurt,못되다,ang,1.0,1,"[0.0, 1.0, 0.0, 0.0]"
5.상처/0005_G1A3E5S0C0_LJB/0005_G1A3E5S0C0_LJB_000913.wav,Hurt,밉다,hap,1.0,2,"[0.0, 0.0, 1.0, 0.0]"
5.상처/0021_G1A3E5S0C0_GTE/0021_G1A3E5S0C0_GTE_001432.wav,Hurt,서럽다,hap,0.9961,2,"[0.0039, 0.0, 0.9961, 0.0]"
5.상처/0026_G2A3E5S0C0_JSH/0026_G2A3E5S0C0_JSH_000265.wav,Hurt,괴롭다,hap,0.9973,2,"[0.0, 0.0027, 0.9973, 0.0]"
5.상처/0021_G1A3E5S0C0_GTE/0021_G1A3E5S0C0_GTE_000884.wav,Hurt,무관심하다,neu,0.9964,0,"[0.9964, 0.0032, 0.0004, 0.0]"
5.상처/0014_G2A3E5S0C0_ASH/0014_G2A3E5S0C0_ASH_001385.wav,Hurt,서럽다,hap,1.0,2,"[0.0, 0.0, 1.0, 0.0]"
5.상처/0021_G1A3E5S0C0_GTE/0021_G1A3E5S0C0_GTE_000224.wav,Hurt,괴롭다,hap,1.0,2,"[0.0, 0.0, 1.0, 0.0]"
5.상처/0014_G2A3E5S0C0_ASH/0014_G2A3E5S0C0_ASH_000681.wav,Hurt,매정하다,ang,0.996,1,"[0.004, 0.996, 0.0, 0.0]"
5.상처/0014_G2A3E5S0C0_ASH/0014_G2A3E5S0C0_ASH_000902.wav,Hurt,밉다,hap,1.0,2,"[0.0, 0.0, 1.0, 0.0]"
5.상처/0026_G2A3E5S0C0_JSH/0026_G2A3E5S0C0_JSH_001102.wav,Hurt,불행하다,hap,1.0,2,"[0.0, 0.0, 1.0, 0.0]"
5.상처/0014_G2A3E5S0C0_ASH/0014_G2A3E5S0C0_ASH_000457.wav,Hurt,냉정하다,hap,0.8198,2,"[0.0009, 0.1793, 0.8198, 0.0]"
5.상처/0005_G1A3E5S0C0_LJB/0005_G1A3E5S0C0_LJB_000742.wav,Hurt,못되다,hap,1.0,2,"[0.0, 0.0, 1.0, 0.0]"
5.상처/0005_G1A3E5S0C0_LJB/0005_G1A3E5S0C0_LJB_001040.wav,Hurt,불행하다,hap,1.0,2,"[0.0, 0.0, 1.0, 0.0]"
5.상처/0014_G2A3E5S0C0_ASH/0014_G2A3E5S0C0_ASH_000392.wav,Hurt,괴롭다,neu,1.0,0,"[1.0, 0.0, 0.0, 0.0]"
5.상처/0014_G2A3E5S0C0_ASH/0014_G2A3E5S0C0_ASH_001037.wav,Hurt,불행하다,hap,0.9998,2,"[0.0, 0.0002, 0.9998, 0.0]"
5.상처/0005_G1A3E5S0C0_LJB/0005_G1A3E5S0C0_LJB_000437.wav,Hurt,냉정하다,hap,1.0,2,"[0.0, 0.0, 1.0, 0.0]"
5.상처/0005_G1A3E5S0C0_LJB/0005_G1A3E5S0C0_LJB_001224.wav,Hurt,뼈아프다,hap,1.0,2,"[0.0, 0.0, 1.0, 0.0]"
5.상처/0021_G1A3E5S0C0_GTE/0021_G1A3E5S0C0_GTE_001489.wav,Hurt,섭섭하다,neu,1.0,0,"[1.0, 0.0, 0.0, 0.0]"
5.상처/0014_G2A3E5S0C0_ASH/0014_G2A3E5S0C0_ASH_000869.wav,Hurt,무관심하다,neu,0.9999,0,"[0.9999, 0.0001, 0.0, 0.0]"
5.상처/0005_G1A3E5S0C0_LJB/0005_G1A3E5S0C0_LJB_000862.wav,Hurt,무관심하다,hap,1.0,2,"[0.0, 0.0, 1.0, 0.0]"
5.상처/0026_G2A3E5S0C0_JSH/0026_G2A3E5S0C0_JSH_001099.wav,Hurt,불행하다,ang,0.9987,1,"[0.0013, 0.9987, 0.0, 0.0]"
5.상처/0005_G1A3E5S0C0_LJB/0005_G1A3E5S0C0_LJB_001386.wav,Hurt,서럽다,ang,0.9981,1,"[0.0, 0.9981, 0.0019, 0.0]"
5.상처/0026_G2A3E5S0C0_JSH/0026_G2A3E5S0C0_JSH_001616.wav,Hurt,슬프다,hap,1.0,2,"[0.0, 0.0, 1.0, 0.0]"
5.상처/0026_G2A3E5S0C0_JSH/0026_G2A3E5S0C0_JSH_000047.wav,Hurt,고통스럽다,ang,0.9987,1,"[0.0, 0.9987, 0.0013, 0.0]"
6.당황/0033_G2A3E6S0C0_KMA/0033_G2A3E6S0C0_KMA_001470.wav,Embarrassed,아찔하다,ang,0.8879,1,"[0.0, 0.8879, 0.1121, 0.0]"
6.당황/0006_G1A3E6S0C0_LHJ/0006_G1A3E6S0C0_LHJ_001449.wav,Embarrassed,아찔하다,hap,1.0,2,"[0.0, 0.0, 1.0, 0.0]"
6.당황/0020_G2A4E6S0C0_HGW/0020_G2A4E6S0C0_HGW_001819.wav,Embarrassed,엉뚱하다,hap,1.0,2,"[0.0, 0.0, 1.0, 0.0]"
6.당황/0020_G2A4E6S0C0_HGW/0020_G2A4E6S0C0_HGW_001792.wav,Embarrassed,어리둥절하다,neu,0.834,0,"[0.834, 0.1658, 0.0003, 0.0]"
6.당황/0006_G1A3E6S0C0_LHJ/0006_G1A3E6S0C0_LHJ_001913.wav,Embarrassed,창피하다,hap,1.0,2,"[0.0, 0.0, 1.0, 0.0]"
6.당황/0020_G2A4E6S0C0_HGW/0020_G2A4E6S0C0_HGW_000746.wav,Embarrassed,기막히다,hap,1.0,2,"[0.0, 0.0, 1.0, 0.0]"
6.당황/0006_G1A3E6S0C0_LHJ/0006_G1A3E6S0C0_LHJ_000796.wav,Embarrassed,기막히다,hap,1.0,2,"[0.0, 0.0, 1.0, 0.0]"
6.당황/0006_G1A3E6S0C0_LHJ/0006_G1A3E6S0C0_LHJ_000313.wav,Embarrassed,곤란하다,hap,1.0,2,"[0.0, 0.0, 1.0, 0.0]"
6.당황/0006_G1A3E6S0C0_LHJ/0006_G1A3E6S0C0_LHJ_000645.wav,Embarrassed,급하다,hap,1.0,2,"[0.0, 0.0, 1.0, 0.0]"
6.당황/0020_G2A4E6S0C0_HGW/0020_G2A4E6S0C0_HGW_000296.wav,Embarrassed,곤란하다,hap,1.0,2,"[0.0, 0.0, 1.0, 0.0]"
6.당황/0020_G2A4E6S0C0_HGW/0020_G2A4E6S0C0_HGW_000685.wav,Embarrassed,급하다,hap,1.0,2,"[0.0, 0.0, 1.0, 0.0]"
6.당황/0006_G1A3E6S0C0_LHJ/0006_G1A3E6S0C0_LHJ_001917.wav,Embarrassed,창피하다,hap,1.0,2,"[0.0, 0.0, 1.0, 0.0]"
6.당황/0006_G1A3E6S0C0_LHJ/0006_G1A3E6S0C0_LHJ_000515.wav,Embarrassed,곤란하다,hap,1.0,2,"[0.0, 0.0, 1.0, 0.0]"
6.당황/0006_G1A3E6S0C0_LHJ/0006_G1A3E6S0C0_LHJ_001580.wav,Embarrassed,어리둥절하다,hap,1.0,2,"[0.0, 0.0, 1.0, 0.0]"
6.당황/0001_G1A3E6S0C0_PSB/0001_G1A3E6S0C0_PSB_001894.wav,Embarrassed,창피하다,hap,1.0,2,"[0.0, 0.0, 1.0, 0.0]"
6.당황/0006_G1A3E6S0C0_LHJ/0006_G1A3E6S0C0_LHJ_001014.wav,Embarrassed,난데없다,hap,1.0,2,"[0.0, 0.0, 1.0, 0.0]"
6.당황/0001_G1A3E6S0C0_PSB/0001_G1A3E6S0C0_PSB_001646.wav,Embarrassed,어리둥절하다,hap,1.0,2,"[0.0, 0.0, 1.0, 0.0]"
6.당황/0033_G2A3E6S0C0_KMA/0033_G2A3E6S0C0_KMA_000031.wav,Embarrassed,갑작스럽다,ang,0.9889,1,"[0.0, 0.9889, 0.0111, 0.0]"
6.당황/0006_G1A3E6S0C0_LHJ/0006_G1A3E6S0C0_LHJ_000738.wav,Embarrassed,기막히다,hap,1.0,2,"[0.0, 0.0, 1.0, 0.0]"
6.당황/0020_G2A4E6S0C0_HGW/0020_G2A4E6S0C0_HGW_001151.wav,Embarrassed,버겁다,ang,0.9653,1,"[0.0005, 0.9653, 0.0341, 0.0]"
6.당황/0006_G1A3E6S0C0_LHJ/0006_G1A3E6S0C0_LHJ_001710.wav,Embarrassed,어리둥절하다,hap,1.0,2,"[0.0, 0.0, 1.0, 0.0]"
6.당황/0033_G2A3E6S0C0_KMA/0033_G2A3E6S0C0_KMA_001098.wav,Embarrassed,망하다,hap,0.9995,2,"[0.0, 0.0005, 0.9995, 0.0]"
6.당황/0020_G2A4E6S0C0_HGW/0020_G2A4E6S0C0_HGW_001279.wav,Embarrassed,부끄럽다,hap,1.0,2,"[0.0, 0.0, 1.0, 0.0]"
6.당황/0033_G2A3E6S0C0_KMA/0033_G2A3E6S0C0_KMA_001070.wav,Embarrassed,남사스럽다,hap,0.8659,2,"[0.0, 0.1341, 0.8659, 0.0]"
6.당황/0006_G1A3E6S0C0_LHJ/0006_G1A3E6S0C0_LHJ_000292.wav,Embarrassed,곤란하다,hap,1.0,2,"[0.0, 0.0, 1.0, 0.0]"
6.당황/0020_G2A4E6S0C0_HGW/0020_G2A4E6S0C0_HGW_001379.wav,Embarrassed,아찔하다,hap,1.0,2,"[0.0, 0.0, 1.0, 0.0]"
6.당황/0006_G1A3E6S0C0_LHJ/0006_G1A3E6S0C0_LHJ_001209.wav,Embarrassed,버겁다,hap,1.0,2,"[0.0, 0.0, 1.0, 0.0]"
6.당황/0020_G2A4E6S0C0_HGW/0020_G2A4E6S0C0_HGW_000369.wav,Embarrassed,곤란하다,ang,1.0,1,"[0.0, 1.0, 0.0, 0.0]"
6.당황/0001_G1A3E6S0C0_PSB/0001_G1A3E6S0C0_PSB_000685.wav,Embarrassed,급하다,hap,1.0,2,"[0.0, 0.0, 1.0, 0.0]"
6.당황/0001_G1A3E6S0C0_PSB/0001_G1A3E6S0C0_PSB_001588.wav,Embarrassed,어리둥절하다,hap,1.0,2,"[0.0, 0.0, 1.0, 0.0]"
6.당황/0020_G2A4E6S0C0_HGW/0020_G2A4E6S0C0_HGW_000196.wav,Embarrassed,갑작스럽다,hap,0.9967,2,"[0.0, 0.0033, 0.9967, 0.0]"
6.당황/0020_G2A4E6S0C0_HGW/0020_G2A4E6S0C0_HGW_000649.wav,Embarrassed,급하다,hap,0.9975,2,"[0.0, 0.0025, 0.9975, 0.0]"
6.당황/0033_G2A3E6S0C0_KMA/0033_G2A3E6S0C0_KMA_000831.wav,Embarrassed,기막히다,hap,1.0,2,"[0.0, 0.0, 1.0, 0.0]"
6.당황/0006_G1A3E6S0C0_LHJ/0006_G1A3E6S0C0_LHJ_000754.wav,Embarrassed,기막히다,hap,1.0,2,"[0.0, 0.0, 1.0, 0.0]"
6.당황/0001_G1A3E6S0C0_PSB/0001_G1A3E6S0C0_PSB_000510.wav,Embarrassed,곤란하다,neu,1.0,0,"[1.0, 0.0, 0.0, 0.0]"
6.당황/0033_G2A3E6S0C0_KMA/0033_G2A3E6S0C0_KMA_000445.wav,Embarrassed,곤란하다,hap,0.9999,2,"[0.0, 0.0001, 0.9999, 0.0]"
6.당황/0001_G1A3E6S0C0_PSB/0001_G1A3E6S0C0_PSB_001344.wav,Embarrassed,아찔하다,hap,0.6066,2,"[0.0, 0.3934, 0.6066, 0.0]"
6.당황/0033_G2A3E6S0C0_KMA/0033_G2A3E6S0C0_KMA_001923.wav,Embarrassed,창피하다,hap,1.0,2,"[0.0, 0.0, 1.0, 0.0]"
6.당황/0006_G1A3E6S0C0_LHJ/0006_G1A3E6S0C0_LHJ_000631.wav,Embarrassed,급하다,hap,1.0,2,"[0.0, 0.0, 1.0, 0.0]"
6.당황/0006_G1A3E6S0C0_LHJ/0006_G1A3E6S0C0_LHJ_000426.wav,Embarrassed,곤란하다,hap,1.0,2,"[0.0, 0.0, 1.0, 0.0]"
6.당황/0006_G1A3E6S0C0_LHJ/0006_G1A3E6S0C0_LHJ_001863.wav,Embarrassed,엉뚱하다,hap,1.0,2,"[0.0, 0.0, 1.0, 0.0]"
6.당황/0020_G2A4E6S0C0_HGW/0020_G2A4E6S0C0_HGW_000455.wav,Embarrassed,곤란하다,ang,1.0,1,"[0.0, 1.0, 0.0, 0.0]"
6.당황/0033_G2A3E6S0C0_KMA/0033_G2A3E6S0C0_KMA_001901.wav,Embarrassed,창피하다,hap,0.987,2,"[0.0, 0.013, 0.987, 0.0]"
6.당황/0033_G2A3E6S0C0_KMA/0033_G2A3E6S0C0_KMA_000768.wav,Embarrassed,기막히다,ang,0.9471,1,"[0.0, 0.9471, 0.0529, 0.0]"
6.당황/0033_G2A3E6S0C0_KMA/0033_G2A3E6S0C0_KMA_001348.wav,Embarrassed,아찔하다,ang,0.9946,1,"[0.0, 0.9946, 0.0054, 0.0]"
6.당황/0033_G2A3E6S0C0_KMA/0033_G2A3E6S0C0_KMA_001020.wav,Embarrassed,난데없다,hap,0.998,2,"[0.0, 0.002, 0.998, 0.0]"
6.당황/0033_G2A3E6S0C0_KMA/0033_G2A3E6S0C0_KMA_000444.wav,Embarrassed,곤란하다,hap,1.0,2,"[0.0, 0.0, 1.0, 0.0]"
6.당황/0001_G1A3E6S0C0_PSB/0001_G1A3E6S0C0_PSB_000657.wav,Embarrassed,급하다,hap,1.0,2,"[0.0, 0.0, 1.0, 0.0]"
6.당황/0020_G2A4E6S0C0_HGW/0020_G2A4E6S0C0_HGW_001353.wav,Embarrassed,아찔하다,hap,1.0,2,"[0.0, 0.0, 1.0, 0.0]"
6.당황/0006_G1A3E6S0C0_LHJ/0006_G1A3E6S0C0_LHJ_000428.wav,Embarrassed,곤란하다,hap,1.0,2,"[0.0, 0.0, 1.0, 0.0]"
7.중립/0028_G2A3E7S0C0_KJS/0028_G2A3E7S0C0_KJS_000084.wav,Neutrality,담백하다,neu,0.9873,0,"[0.9873, 0.0127, 0.0, 0.0]"
7.중립/0028_G2A3E7S0C0_KJS/0028_G2A3E7S0C0_KJS_000893.wav,Neutrality,뚜렷하다,neu,0.9878,0,"[0.9878, 0.0122, 0.0, 0.0]"
7.중립/0028_G2A3E7S0C0_KJS/0028_G2A3E7S0C0_KJS_001383.wav,Neutrality,엄중하다,hap,1.0,2,"[0.0, 0.0, 1.0, 0.0]"
7.중립/0007_G1A4E7S0C0_JYS/0007_G1A4E7S0C0_JYS_001452.wav,Neutrality,엄중하다,ang,0.9222,1,"[0.0, 0.9222, 0.0778, 0.0]"
7.중립/0007_G1A4E7S0C0_JYS/0007_G1A4E7S0C0_JYS_000605.wav,Neutrality,담백하다,hap,1.0,2,"[0.0, 0.0, 1.0, 0.0]"
7.중립/0009_G1A3E7S0C0_JYW/0009_G1A3E7S0C0_JYW_001124.wav,Neutrality,뚜렷하다,neu,0.9607,0,"[0.9607, 0.0393, 0.0, 0.0]"
7.중립/0028_G2A3E7S0C0_KJS/0028_G2A3E7S0C0_KJS_001523.wav,Neutrality,예사롭다,hap,1.0,2,"[0.0, 0.0, 1.0, 0.0]"
7.중립/0009_G1A3E7S0C0_JYW/0009_G1A3E7S0C0_JYW_001032.wav,Neutrality,뚜렷하다,ang,0.9191,1,"[0.0087, 0.9191, 0.0722, 0.0]"
7.중립/0044_G2A5E7S0C0_KTH/0044_G2A5E7S0C0_KTH_001775.wav,Neutrality,자세하다,hap,0.9398,2,"[0.0005, 0.0597, 0.9398, 0.0]"
7.중립/0044_G2A5E7S0C0_KTH/0044_G2A5E7S0C0_KTH_000449.wav,Neutrality,담백하다,hap,0.978,2,"[0.0, 0.022, 0.978, 0.0]"
7.중립/0007_G1A4E7S0C0_JYS/0007_G1A4E7S0C0_JYS_001381.wav,Neutrality,엄중하다,ang,0.5377,1,"[0.4574, 0.5377, 0.0049, 0.0]"
7.중립/0009_G1A3E7S0C0_JYW/0009_G1A3E7S0C0_JYW_000907.wav,Neutrality,뚜렷하다,ang,1.0,1,"[0.0, 1.0, 0.0, 0.0]"
7.중립/0007_G1A4E7S0C0_JYS/0007_G1A4E7S0C0_JYS_001518.wav,Neutrality,예사롭다,hap,1.0,2,"[0.0, 0.0, 1.0, 0.0]"
7.중립/0007_G1A4E7S0C0_JYS/0007_G1A4E7S0C0_JYS_000375.wav,Neutrality,담백하다,hap,1.0,2,"[0.0, 0.0, 1.0, 0.0]"
7.중립/0028_G2A3E7S0C0_KJS/0028_G2A3E7S0C0_KJS_001082.wav,Neutrality,뚜렷하다,ang,0.8937,1,"[0.1063, 0.8937, 0.0, 0.0]"
7.중립/0009_G1A3E7S0C0_JYW/0009_G1A3E7S0C0_JYW_001444.wav,Neutrality,엄중하다,neu,0.9828,0,"[0.9828, 0.0146, 0.0026, 0.0]"
7.중립/0007_G1A4E7S0C0_JYS/0007_G1A4E7S0C0_JYS_000081.wav,Neutrality,녹녹하다,hap,1.0,2,"[0.0, 0.0, 1.0, 0.0]"
7.중립/0009_G1A3E7S0C0_JYW/0009_G1A3E7S0C0_JYW_000056.wav,Neutrality,긴밀하다,hap,0.9995,2,"[0.0002, 0.0003, 0.9995, 0.0]"
7.중립/0007_G1A4E7S0C0_JYS/0007_G1A4E7S0C0_JYS_000245.wav,Neutrality,담백하다,hap,0.9927,2,"[0.0073, 0.0, 0.9927, 0.0]"
7.중립/0009_G1A3E7S0C0_JYW/0009_G1A3E7S0C0_JYW_001686.wav,Neutrality,자세하다,neu,1.0,0,"[1.0, 0.0, 0.0, 0.0]"
7.중립/0009_G1A3E7S0C0_JYW/0009_G1A3E7S0C0_JYW_001283.wav,Neutrality,엄밀하다,neu,1.0,0,"[1.0, 0.0, 0.0, 0.0]"
7.중립/0009_G1A3E7S0C0_JYW/0009_G1A3E7S0C0_JYW_001659.wav,Neutrality,자세하다,neu,0.9997,0,"[0.9997, 0.0003, 0.0, 0.0]"
7.중립/0044_G2A5E7S0C0_KTH/0044_G2A5E7S0C0_KTH_000490.wav,Neutrality,담백하다,hap,0.871,2,"[0.129, 0.0, 0.871, 0.0]"
7.중립/0044_G2A5E7S0C0_KTH/0044_G2A5E7S0C0_KTH_000150.wav,Neutrality,담백하다,ang,1.0,1,"[0.0, 1.0, 0.0, 0.0]"
7.중립/0007_G1A4E7S0C0_JYS/0007_G1A4E7S0C0_JYS_001245.wav,Neutrality,어렴풋하다,hap,0.9273,2,"[0.001, 0.0717, 0.9273, 0.0]"
7.중립/0009_G1A3E7S0C0_JYW/0009_G1A3E7S0C0_JYW_001643.wav,Neutrality,자세하다,hap,1.0,2,"[0.0, 0.0, 1.0, 0.0]"
7.중립/0044_G2A5E7S0C0_KTH/0044_G2A5E7S0C0_KTH_000310.wav,Neutrality,담백하다,hap,1.0,2,"[0.0, 0.0, 1.0, 0.0]"
7.중립/0044_G2A5E7S0C0_KTH/0044_G2A5E7S0C0_KTH_001488.wav,Neutrality,엄중하다,hap,0.9874,2,"[0.0, 0.0126, 0.9874, 0.0]"
7.중립/0044_G2A5E7S0C0_KTH/0044_G2A5E7S0C0_KTH_000175.wav,Neutrality,담백하다,hap,1.0,2,"[0.0, 0.0, 1.0, 0.0]"
7.중립/0028_G2A3E7S0C0_KJS/0028_G2A3E7S0C0_KJS_000717.wav,Neutrality,담백하다,neu,1.0,0,"[1.0, 0.0, 0.0, 0.0]"
7.중립/0007_G1A4E7S0C0_JYS/0007_G1A4E7S0C0_JYS_001184.wav,Neutrality,어렴풋하다,hap,1.0,2,"[0.0, 0.0, 1.0, 0.0]"
7.중립/0007_G1A4E7S0C0_JYS/0007_G1A4E7S0C0_JYS_000529.wav,Neutrality,담백하다,hap,0.8882,2,"[0.0012, 0.1106, 0.8882, 0.0]"
7.중립/0028_G2A3E7S0C0_KJS/0028_G2A3E7S0C0_KJS_000092.wav,Neutrality,담백하다,ang,1.0,1,"[0.0, 1.0, 0.0, 0.0]"
7.중립/0028_G2A3E7S0C0_KJS/0028_G2A3E7S0C0_KJS_001164.wav,Neutrality,어렴풋하다,neu,0.7183,0,"[0.7183, 0.2815, 0.0002, 0.0]"
7.중립/0044_G2A5E7S0C0_KTH/0044_G2A5E7S0C0_KTH_001483.wav,Neutrality,엄중하다,neu,0.8631,0,"[0.8631, 0.1364, 0.0004, 0.0]"
7.중립/0007_G1A4E7S0C0_JYS/0007_G1A4E7S0C0_JYS_001619.wav,Neutrality,예사롭다,hap,1.0,2,"[0.0, 0.0, 1.0, 0.0]"
7.중립/0044_G2A5E7S0C0_KTH/0044_G2A5E7S0C0_KTH_001820.wav,Neutrality,자세하다,hap,1.0,2,"[0.0, 0.0, 1.0, 0.0]"
7.중립/0007_G1A4E7S0C0_JYS/0007_G1A4E7S0C0_JYS_000864.wav,Neutrality,뚜렷하다,hap,1.0,2,"[0.0, 0.0, 1.0, 0.0]"
7.중립/0044_G2A5E7S0C0_KTH/0044_G2A5E7S0C0_KTH_001191.wav,Neutrality,어렴풋하다,hap,1.0,2,"[0.0, 0.0, 1.0, 0.0]"
7.중립/0044_G2A5E7S0C0_KTH/0044_G2A5E7S0C0_KTH_000526.wav,Neutrality,담백하다,neu,0.998,0,"[0.998, 0.002, 0.0, 0.0]"
7.중립/0044_G2A5E7S0C0_KTH/0044_G2A5E7S0C0_KTH_001996.wav,Neutrality,자세하다,hap,1.0,2,"[0.0, 0.0, 1.0, 0.0]"
7.중립/0007_G1A4E7S0C0_JYS/0007_G1A4E7S0C0_JYS_000797.wav,Neutrality,담백하다,hap,1.0,2,"[0.0, 0.0, 1.0, 0.0]"
7.중립/0007_G1A4E7S0C0_JYS/0007_G1A4E7S0C0_JYS_001080.wav,Neutrality,뚜렷하다,hap,0.9999,2,"[0.0001, 0.0, 0.9999, 0.0]"
7.중립/0009_G1A3E7S0C0_JYW/0009_G1A3E7S0C0_JYW_000612.wav,Neutrality,담백하다,neu,1.0,0,"[1.0, 0.0, 0.0, 0.0]"
7.중립/0009_G1A3E7S0C0_JYW/0009_G1A3E7S0C0_JYW_000434.wav,Neutrality,담백하다,neu,0.9986,0,"[0.9986, 0.0002, 0.0012, 0.0]"
7.중립/0009_G1A3E7S0C0_JYW/0009_G1A3E7S0C0_JYW_000852.wav,Neutrality,뚜렷하다,neu,1.0,0,"[1.0, 0.0, 0.0, 0.0]"
7.중립/0007_G1A4E7S0C0_JYS/0007_G1A4E7S0C0_JYS_000710.wav,Neutrality,담백하다,hap,1.0,2,"[0.0, 0.0, 1.0, 0.0]"
7.중립/0044_G2A5E7S0C0_KTH/0044_G2A5E7S0C0_KTH_001447.wav,Neutrality,엄중하다,ang,0.9998,1,"[0.0, 0.9998, 0.0002, 0.0]"
7.중립/0009_G1A3E7S0C0_JYW/0009_G1A3E7S0C0_JYW_000002.wav,Neutrality,긴밀하다,neu,0.9997,0,"[0.9997, 0.0, 0.0002, 0.0]"
7.중립/0044_G2A5E7S0C0_KTH/0044_G2A5E7S0C0_KTH_001609.wav,Neutrality,예사롭다,hap,0.7882,2,"[0.0031, 0.2087, 0.7882, 0.0]"
