wav_relpath,gt_emotion,gt_sensitivity,arousal,dominance,valence
1.기쁨/0032_G1A4E1S0C0_KDD/0032_G1A4E1S0C0_KDD_001684.wav,Happy,즐겁다,0.6184,0.6249,0.7949
1.기쁨/0043_G2A4E1S0C0_GYJ/0043_G2A4E1S0C0_GYJ_000855.wav,Happy,반갑다,0.6744,0.6814,0.1995
1.기쁨/0043_G2A4E1S0C0_GYJ/0043_G2A4E1S0C0_GYJ_001551.wav,Happy,자유롭다,0.6667,0.6595,0.4915
1.기쁨/0029_G2A4E1S0C0_KJE/0029_G2A4E1S0C0_KJE_000286.wav,Happy,굉장하다,0.6333,0.6397,0.5502
1.기쁨/0034_G2A4E1S0C0_LJH/0034_G2A4E1S0C0_LJH_001399.wav,Happy,자랑스럽다,0.7307,0.728,0.672
1.기쁨/0034_G2A4E1S0C0_LJH/0034_G2A4E1S0C0_LJH_001573.wav,Happy,즐겁다,0.6142,0.6157,0.4765
1.기쁨/0043_G2A4E1S0C0_GYJ/0043_G2A4E1S0C0_GYJ_001924.wav,Happy,행복하다,0.6134,0.6156,0.5212
1.기쁨/0043_G2A4E1S0C0_GYJ/0043_G2A4E1S0C0_GYJ_000540.wav,Happy,만족스럽다,0.6397,0.6576,0.5076
1.기쁨/0029_G2A4E1S0C0_KJE/0029_G2A4E1S0C0_KJE_000397.wav,Happy,만족스럽다,0.5095,0.578,0.5223
1.기쁨/0043_G2A4E1S0C0_GYJ/0043_G2A4E1S0C0_GYJ_001896.wav,Happy,행복하다,0.616,0.6335,0.6528
1.기쁨/0032_G1A4E1S0C0_KDD/0032_G1A4E1S0C0_KDD_000874.wav,Happy,반갑다,0.6079,0.6401,0.6199
1.기쁨/0029_G2A4E1S0C0_KJE/0029_G2A4E1S0C0_KJE_000087.wav,Happy,고맙다,0.5453,0.5788,0.5091
1.기쁨/0029_G2A4E1S0C0_KJE/0029_G2A4E1S0C0_KJE_000948.wav,Happy,반갑다,0.5956,0.6084,0.5503
1.기쁨/0032_G1A4E1S0C0_KDD/0032_G1A4E1S0C0_KDD_000769.wav,Happy,뭉클하다,0.5562,0.584,0.5427
1.기쁨/0043_G2A4E1S0C0_GYJ/0043_G2A4E1S0C0_GYJ_001932.wav,Happy,행복하다,0.51,0.5412,0.4518
1.기쁨/0032_G1A4E1S0C0_KDD/0032_G1A4E1S0C0_KDD_001638.wav,Happy,즐겁다,0.6994,0.703,0.7895
1.기쁨/0034_G2A4E1S0C0_LJH/0034_G2A4E1S0C0_LJH_000248.wav,Happy,굉장하다,0.7668,0.7005,0.4816
1.기쁨/0043_G2A4E1S0C0_GYJ/0043_G2A4E1S0C0_GYJ_001992.wav,Happy,홀가분하다,0.6726,0.6634,0.4901
1.기쁨/0043_G2A4E1S0C0_GYJ/0043_G2A4E1S0C0_GYJ_001255.wav,Happy,자랑스럽다,0.6517,0.6232,0.4969
1.기쁨/0043_G2A4E1S0C0_GYJ/0043_G2A4E1S0C0_GYJ_000581.wav,Happy,만족스럽다,0.59,0.6088,0.5911
1.기쁨/0043_G2A4E1S0C0_GYJ/0043_G2A4E1S0C0_GYJ_000349.wav,Happy,굉장하다,0.7058,0.6784,0.5632
1.기쁨/0043_G2A4E1S0C0_GYJ/0043_G2A4E1S0C0_GYJ_001324.wav,Happy,자랑스럽다,0.6451,0.6309,0.3667
1.기쁨/0032_G1A4E1S0C0_KDD/0032_G1A4E1S0C0_KDD_001772.wav,Happy,행복하다,0.6318,0.6435,0.5636
1.기쁨/0032_G1A4E1S0C0_KDD/0032_G1A4E1S0C0_KDD_001543.wav,Happy,자유롭다,0.4796,0.504,0.375
1.기쁨/0043_G2A4E1S0C0_GYJ/0043_G2A4E1S0C0_GYJ_001813.wav,Happy,행복하다,0.6667,0.6647,0.659
1.기쁨/0032_G1A4E1S0C0_KDD/0032_G1A4E1S0C0_KDD_001317.wav,Happy,자랑스럽다,0.5835,0.6,0.4364
1.기쁨/0043_G2A4E1S0C0_GYJ/0043_G2A4E1S0C0_GYJ_000177.wav,Happy,굉장하다,0.6897,0.6813,0.398
1.기쁨/0032_G1A4E1S0C0_KDD/0032_G1A4E1S0C0_KDD_001066.wav,Happy,사랑스럽다,0.7242,0.705,0.3327
1.기쁨/0032_G1A4E1S0C0_KDD/0032_G1A4E1S0C0_KDD_001579.wav,Happy,즐겁다,0.6746,0.6665,0.6755
1.기쁨/0032_G1A4E1S0C0_KDD/0032_G1A4E1S0C0_KDD_001198.wav,Happy,영광스럽다,0.6971,0.6626,0.5471
1.기쁨/0032_G1A4E1S0C0_KDD/0032_G1A4E1S0C0_KDD_000837.wav,Happy,반갑다,0.6687,0.6662,0.5072
1.기쁨/0034_G2A4E1S0C0_LJH/0034_G2A4E1S0C0_LJH_001839.wav,Happy,행복하다,0.7197,0.6954,0.56
1.기쁨/0043_G2A4E1S0C0_GYJ/0043_G2A4E1S0C0_GYJ_000555.wav,Happy,만족스럽다,0.6186,0.6394,0.6815
1.기쁨/0034_G2A4E1S0C0_LJH/0034_G2A4E1S0C0_LJH_001115.wav,Happy,사랑스럽다,0.5933,0.6033,0.5671
1.기쁨/0032_G1A4E1S0C0_KDD/0032_G1A4E1S0C0_KDD_000711.wav,Happy,뭉클하다,0.6626,0.6579,0.5539
1.기쁨/0034_G2A4E1S0C0_LJH/0034_G2A4E1S0C0_LJH_001817.wav,Happy,행복하다,0.6189,0.6432,0.5038
1.기쁨/0029_G2A4E1S0C0_KJE/0029_G2A4E1S0C0_KJE_001918.wav,Happy,행복하다,0.5405,0.568,0.5105
1.기쁨/0029_G2A4E1S0C0_KJE/0029_G2A4E1S0C0_KJE_001231.wav,Happy,영광스럽다,0.5934,0.6164,0.5874
1.기쁨/0043_G2A4E1S0C0_GYJ/0043_G2A4E1S0C0_GYJ_000416.wav,Happy,만족스럽다,0.6666,0.6239,0.3153
1.기쁨/0029_G2A4E1S0C0_KJE/0029_G2A4E1S0C0_KJE_001530.wav,Happy,자유롭다,0.5216,0.5712,0.4646
1.기쁨/0029_G2A4E1S0C0_KJE/0029_G2A4E1S0C0_KJE_001440.wav,Happy,자랑스럽다,0.68,0.6728,0.5477
1.기쁨/0043_G2A4E1S0C0_GYJ/0043_G2A4E1S0C0_GYJ_000656.wav,Happy,만족스럽다,0.6468,0.6746,0.5576
1.기쁨/0032_G1A4E1S0C0_KDD/0032_G1A4E1S0C0_KDD_001736.wav,Happy,즐겁다,0.6841,0.6903,0.5808
1.기쁨/0034_G2A4E1S0C0_LJH/0034_G2A4E1S0C0_LJH_001328.wav,Happy,자랑스럽다,0.631,0.6458,0.5226
1.기쁨/0034_G2A4E1S0C0_LJH/0034_G2A4E1S0C0_LJH_000024.wav,Happy,고맙다,0.6597,0.6572,0.5318
1.기쁨/0034_G2A4E1S0C0_LJH/0034_G2A4E1S0C0_LJH_001193.wav,Happy,영광스럽다,0.7164,0.6981,0.5144
1.기쁨/0043_G2A4E1S0C0_GYJ/0043_G2A4E1S0C0_GYJ_000386.wav,Happy,만족스럽다,0.652,0.6578,0.5536
1.기쁨/0043_G2A4E1S0C0_GYJ/0043_G2A4E1S0C0_GYJ_001878.wav,Happy,행복하다,0.5663,0.5957,0.4874
1.기쁨/0029_G2A4E1S0C0_KJE/0029_G2A4E1S0C0_KJE_000051.wav,Happy,고맙다,0.6138,0.6631,0.4698
1.기쁨/0029_G2A4E1S0C0_KJE/0029_G2A4E1S0C0_KJE_000615.wav,Happy,만족스럽다,0.4398,0.5065,0.4897
2.슬픔/0033_G2A3E2S0C0_KMA/0033_G2A3E2S0C0_KMA_001842.wav,Sad,안타깝다,0.4467,0.4755,0.5399
2.슬픔/0036_G1A4E2S0C0_BJS/0036_G1A4E2S0C0_BJS_000749.wav,Sad,불행하다,0.4278,0.5265,0.5811
2.슬픔/0036_G1A4E2S0C0_BJS/0036_G1A4E2S0C0_BJS_001254.wav,Sad,쓸쓸하다,0.2382,0.3638,0.3705
2.슬픔/0033_G2A3E2S0C0_KMA/0033_G2A3E2S0C0_KMA_001641.wav,Sad,안타깝다,0.3897,0.4448,0.5814
2.슬픔/0036_G1A4E2S0C0_BJS/0036_G1A4E2S0C0_BJS_000748.wav,Sad,불행하다,0.2221,0.341,0.2335
2.슬픔/0033_G2A3E2S0C0_KMA/0033_G2A3E2S0C0_KMA_000843.wav,Sad,불행하다,0.2796,0.3936,0.4968
2.슬픔/0037_G1A4E2S0C0_SJH/0037_G1A4E2S0C0_SJH_000716.wav,Sad,불쌍하다,0.3006,0.4071,0.4882
2.슬픔/0033_G2A3E2S0C0_KMA/0033_G2A3E2S0C0_KMA_000769.wav,Sad,불행하다,0.4065,0.4908,0.3846
2.슬픔/0035_G1A3E2S0C0_KIH/0035_G1A3E2S0C0_KIH_000429.wav,Sad,그립다,0.2576,0.4082,0.3753
2.슬픔/0033_G2A3E2S0C0_KMA/0033_G2A3E2S0C0_KMA_000206.wav,Sad,괴롭다,0.552,0.5535,0.3081
2.슬픔/0037_G1A4E2S0C0_SJH/0037_G1A4E2S0C0_SJH_001141.wav,Sad,시무룩하다,0.2857,0.383,0.4853
2.슬픔/0036_G1A4E2S0C0_BJS/0036_G1A4E2S0C0_BJS_001403.wav,Sad,쓸쓸하다,0.2612,0.3695,0.4284
2.슬픔/0035_G1A3E2S0C0_KIH/0035_G1A3E2S0C0_KIH_000035.wav,Sad,가엾다,0.4108,0.4967,0.4764
2.슬픔/0033_G2A3E2S0C0_KMA/0033_G2A3E2S0C0_KMA_000448.wav,Sad,그립다,0.427,0.4949,0.5501
2.슬픔/0035_G1A3E2S0C0_KIH/0035_G1A3E2S0C0_KIH_001694.wav,Sad,안타깝다,0.3531,0.4342,0.3859
2.슬픔/0036_G1A4E2S0C0_BJS/0036_G1A4E2S0C0_BJS_001652.wav,Sad,안타깝다,0.2544,0.3541,0.3807
2.슬픔/0037_G1A4E2S0C0_SJH/0037_G1A4E2S0C0_SJH_000022.wav,Sad,가엾다,0.2081,0.3384,0.463
2.슬픔/0037_G1A4E2S0C0_SJH/0037_G1A4E2S0C0_SJH_001595.wav,Sad,안타깝다,0.3264,0.4226,0.4306
2.슬픔/0033_G2A3E2S0C0_KMA/0033_G2A3E2S0C0_KMA_001487.wav,Sad,아쉽다,0.3592,0.419,0.2932
2.슬픔/0036_G1A4E2S0C0_BJS/0036_G1A4E2S0C0_BJS_001587.wav,Sad,안타깝다,0.3229,0.4449,0.2734
2.슬픔/0035_G1A3E2S0C0_KIH/0035_G1A3E2S0C0_KIH_001688.wav,Sad,안타깝다,0.2832,0.3903,0.3464
2.슬픔/0033_G2A3E2S0C0_KMA/0033_G2A3E2S0C0_KMA_001991.wav,Sad,억울하다,0.4953,0.5047,0.4533
2.슬픔/0037_G1A4E2S0C0_SJH/0037_G1A4E2S0C0_SJH_000527.wav,Sad,보잘것없다,0.3787,0.4669,0.4155
2.슬픔/0035_G1A3E2S0C0_KIH/0035_G1A3E2S0C0_KIH_001074.wav,Sad,서럽다,0.3315,0.4115,0.2193
2.슬픔/0035_G1A3E2S0C0_KIH/0035_G1A3E2S0C0_KIH_000022.wav,Sad,가엾다,0.3659,0.4788,0.5318
2.슬픔/0037_G1A4E2S0C0_SJH/0037_G1A4E2S0C0_SJH_000364.wav,Sad,그립다,0.2561,0.3744,0.3614
2.슬픔/0037_G1A4E2S0C0_SJH/0037_G1A4E2S0C0_SJH_001229.wav,Sad,시무룩하다,0.3036,0.4048,0.2336
2.슬픔/0033_G2A3E2S0C0_KMA/0033_G2A3E2S0C0_KMA_000959.wav,Sad,서럽다,0.4618,0.4635,0.3564
2.슬픔/0035_G1A3E2S0C0_KIH/0035_G1A3E2S0C0_KIH_000741.wav,Sad,불쌍하다,0.3524,0.4481,0.265
2.슬픔/0036_G1A4E2S0C0_BJS/0036_G1A4E2S0C0_BJS_001861.wav,Sad,안타깝다,0.2877,0.4126,0.2672
2.슬픔/0035_G1A3E2S0C0_KIH/0035_G1A3E2S0C0_KIH_001695.wav,Sad,안타깝다,0.3717,0.4629,0.4786
2.슬픔/0036_G1A4E2S0C0_BJS/0036_G1A4E2S0C0_BJS_000669.wav,Sad,불쌍하다,0.3742,0.4495,0.3432
2.슬픔/0036_G1A4E2S0C0_BJS/0036_G1A4E2S0C0_BJS_000128.wav,Sad,가엾다,0.2203,0.3317,0.157
2.슬픔/0035_G1A3E2S0C0_KIH/0035_G1A3E2S0C0_KIH_001011.wav,Sad,서럽다,0.291,0.422,0.4536
2.슬픔/0036_G1A4E2S0C0_BJS/0036_G1A4E2S0C0_BJS_001394.wav,Sad,쓸쓸하다,0.2541,0.3747,0.4197
2.슬픔/0037_G1A4E2S0C0_SJH/0037_G1A4E2S0C0_SJH_001153.wav,Sad,시무룩하다,0.3416,0.4392,0.4905
2.슬픔/0033_G2A3E2S0C0_KMA/0033_G2A3E2S0C0_KMA_000414.wav,Sad,그립다,0.315,0.4126,0.4517
2.슬픔/0036_G1A4E2S0C0_BJS/0036_G1A4E2S0C0_BJS_001582.wav,Sad,안타깝다,0.4374,0.4999,0.4138
2.슬픔/0037_G1A4E2S0C0_SJH/0037_G1A4E2S0C0_SJH_001445.wav,Sad,아쉽다,0.2837,0.3838,0.4018
2.슬픔/0036_G1A4E2S0C0_BJS/0036_G1A4E2S0C0_BJS_001666.wav,Sad,안타깝다,0.4264,0.5009,0.5398
2.슬픔/0037_G1A4E2S0C0_SJH/0037_G1A4E2S0C0_SJH_001522.wav,Sad,아쉽다,0.2874,0.3863,0.4363
2.슬픔/0036_G1A4E2S0C0_BJS/0036_G1A4E2S0C0_BJS_001121.wav,Sad,서럽다,0.2085,0.3403,0.3799
2.슬픔/0033_G2A3E2S0C0_KMA/0033_G2A3E2S0C0_KMA_001458.wav,Sad,아쉽다,0.4234,0.445,0.4008
2.슬픔/0033_G2A3E2S0C0_KMA/0033_G2A3E2S0C0_KMA_000524.wav,Sad,보잘것없다,0.3261,0.428,0.4958
2.슬픔/0033_G2A3E2S0C0_KMA/0033_G2A3E2S0C0_KMA_001861.wav,Sad,안타깝다,0.4588,0.509,0.5066
2.슬픔/0035_G1A3E2S0C0_KIH/0035_G1A3E2S0C0_KIH_000798.wav,Sad,불행하다,0.1919,0.3292,0.3485
2.슬픔/0037_G1A4E2S0C0_SJH/0037_G1A4E2S0C0_SJH_000016.wav,Sad,가엾다,0.232,0.3373,0.4173
2.슬픔/0033_G2A3E2S0C0_KMA/0033_G2A3E2S0C0_KMA_001292.wav,Sad,쓸쓸하다,0.1968,0.3302,0.2199
2.슬픔/0036_G1A4E2S0C0_BJS/0036_G1A4E2S0C0_BJS_001567.wav,Sad,안타깝다,0.288,0.4066,0.2606
2.슬픔/0033_G2A3E2S0C0_KMA/0033_G2A3E2S0C0_KMA_001609.wav,Sad,안타깝다,0.4091,0.4569,0.5729
3.분노/0006_G1A3E3S0C0_LHJ/0006_G1A3E3S0C0_LHJ_000002.wav,Angry,경멸스럽다,0.3636,0.4797,0.3179
3.분노/0044_G2A5E3S0C0_KTH/0044_G2A5E3S0C0_KTH_001000.wav,Angry,뻔뻔스럽다,0.8213,0.7949,0.4549
3.분노/0006_G1A3E3S0C0_LHJ/0006_G1A3E3S0C0_LHJ_001372.wav,Angry,억울하다,0.6741,0.6792,0.3309
3.분노/0018_G2A3E3S0C0_JBR/0018_G2A3E3S0C0_JBR_001478.wav,Angry,억울하다,0.5484,0.6249,0.6577
3.분노/0044_G2A5E3S0C0_KTH/0044_G2A5E3S0C0_KTH_001123.wav,Angry,아니꼽다,0.6904,0.717,0.5098
3.분노/0006_G1A3E3S0C0_LHJ/0006_G1A3E3S0C0_LHJ_001287.wav,Angry,악랄하다,0.5783,0.6393,0.6498
3.분노/0044_G2A5E3S0C0_KTH/0044_G2A5E3S0C0_KTH_001556.wav,Angry,언짢다,0.6902,0.6933,0.4131
3.분노/0043_G2A4E3S0C0_GYJ/0043_G2A4E3S0C0_GYJ_000577.wav,Angry,밉다,0.4711,0.5318,0.4083
3.분노/0006_G1A3E3S0C0_LHJ/0006_G1A3E3S0C0_LHJ_000271.wav,Angry,기막히다,0.7234,0.7148,0.4352
3.분노/0006_G1A3E3S0C0_LHJ/0006_G1A3E3S0C0_LHJ_000776.wav,Angry,배은망덕하다,0.4859,0.5475,0.4317
3.분노/0044_G2A5E3S0C0_KTH/0044_G2A5E3S0C0_KTH_000712.wav,Angry,밉다,0.8111,0.7989,0.4148
3.분노/0006_G1A3E3S0C0_LHJ/0006_G1A3E3S0C0_LHJ_001741.wav,Angry,언짢다,0.5872,0.6412,0.3558
3.분노/0018_G2A3E3S0C0_JBR/0018_G2A3E3S0C0_JBR_000890.wav,Angry,부당하다,0.5762,0.6133,0.509
3.분노/0044_G2A5E3S0C0_KTH/0044_G2A5E3S0C0_KTH_001025.wav,Angry,뻔뻔스럽다,0.8481,0.7987,0.5532
3.분노/0018_G2A3E3S0C0_JBR/0018_G2A3E3S0C0_JBR_000180.wav,Angry,기막히다,0.6291,0.6575,0.5346
3.분노/0006_G1A3E3S0C0_LHJ/0006_G1A3E3S0C0_LHJ_001578.wav,Angry,언짢다,0.5221,0.5976,0.5745
3.분노/0043_G2A4E3S0C0_GYJ/0043_G2A4E3S0C0_GYJ_000203.wav,Angry,기막히다,0.497,0.5327,0.3455
3.분노/0006_G1A3E3S0C0_LHJ/0006_G1A3E3S0C0_LHJ_000953.wav,Angry,뻔뻔스럽다,0.5781,0.6122,0.563
3.분노/0018_G2A3E3S0C0_JBR/0018_G2A3E3S0C0_JBR_001812.wav,Angry,짜증스럽다,0.524,0.5923,0.5157
3.분노/0044_G2A5E3S0C0_KTH/0044_G2A5E3S0C0_KTH_001360.wav,Angry,억울하다,0.6852,0.6678,0.5335
3.분노/0006_G1A3E3S0C0_LHJ/0006_G1A3E3S0C0_LHJ_001206.wav,Angry,아니꼽다,0.6443,0.6544,0.4566
3.분노/0044_G2A5E3S0C0_KTH/0044_G2A5E3S0C0_KTH_001663.wav,Angry,언짢다,0.6919,0.6945,0.4022
3.분노/0043_G2A4E3S0C0_GYJ/0043_G2A4E3S0C0_GYJ_001108.wav,Angry,아니꼽다,0.6011,0.6359,0.6297
3.분노/0043_G2A4E3S0C0_GYJ/0043_G2A4E3S0C0_GYJ_000840.wav,Angry,부당하다,0.5123,0.5583,0.3989
3.분노/0043_G2A4E3S0C0_GYJ/0043_G2A4E3S0C0_GYJ_000287.wav,Angry,기막히다,0.6089,0.6366,0.5447
3.분노/0044_G2A5E3S0C0_KTH/0044_G2A5E3S0C0_KTH_000867.wav,Angry,부당하다,0.7588,0.7741,0.1848
3.분노/0006_G1A3E3S0C0_LHJ/0006_G1A3E3S0C0_LHJ_001634.wav,Angry,언짢다,0.5272,0.5756,0.3841
3.분노/0044_G2A5E3S0C0_KTH/0044_G2A5E3S0C0_KTH_000752.wav,Angry,배은망덕하다,0.5472,0.6098,0.4943
3.분노/0006_G1A3E3S0C0_LHJ/0006_G1A3E3S0C0_LHJ_001683.wav,Angry,언짢다,0.5112,0.5837,0.4868
3.분노/0006_G1A3E3S0C0_LHJ/0006_G1A3E3S0C0_LHJ_002114.wav,Angry,치욕스럽다,0.5776,0.593,0.5235
3.분노/0043_G2A4E3S0C0_GYJ/0043_G2A4E3S0C0_GYJ_001002.wav,Angry,뻔뻔스럽다,0.597,0.6288,0.6164
3.분노/0043_G2A4E3S0C0_GYJ/0043_G2A4E3S0C0_GYJ_001512.wav,Angry,언짢다,0.5739,0.6312,0.5485
3.분노/0006_G1A3E3S0C0_LHJ/0006_G1A3E3S0C0_LHJ_000709.wav,Angry,밉다,0.5728,0.5952,0.4721
3.분노/0044_G2A5E3S0C0_KTH/0044_G2A5E3S0C0_KTH_000511.wav,Angry,무례하다,0.6769,0.7078,0.5038
3.분노/0044_G2A5E3S0C0_KTH/0044_G2A5E3S0C0_KTH_001417.wav,Angry,억울하다,0.897,0.8964,0.2726
3.분노/0043_G2A4E3S0C0_GYJ/0043_G2A4E3S0C0_GYJ_001114.wav,Angry,아니꼽다,0.5658,0.5893,0.3551
3.분노/0018_G2A3E3S0C0_JBR/0018_G2A3E3S0C0_JBR_000201.wav,Angry,기막히다,0.697,0.7015,0.4056
3.분노/0018_G2A3E3S0C0_JBR/0018_G2A3E3S0C0_JBR_001099.wav,Angry,아니꼽다,0.611,0.6313,0.5609
3.분노/0018_G2A3E3S0C0_JBR/0018_G2A3E3S0C0_JBR_000884.wav,Angry,부당하다,0.6697,0.6742,0.2548
3.분노/0044_G2A5E3S0C0_KTH/0044_G2A5E3S0C0_KTH_001045.wav,Angry,아니꼽다,0.6262,0.667,0.4412
3.분노/0044_G2A5E3S0C0_KTH/0044_G2A5E3S0C0_KTH_001538.wav,Angry,언짢다,0.6745,0.6912,0.5518
3.분노/0043_G2A4E3S0C0_GYJ/0043_G2A4E3S0C0_GYJ_000214.wav,Angry,기막히다,0.5033,0.5642,0.3798
3.분노/0018_G2A3E3S0C0_JBR/0018_G2A3E3S0C0_JBR_000307.wav,Angry,기막히다,0.3653,0.4562,0.4374
3.분노/0043_G2A4E3S0C0_GYJ/0043_G2A4E3S0C0_GYJ_000455.wav,Angry,끔찍하다,0.5687,0.618,0.421
3.분노/0006_G1A3E3S0C0_LHJ/0006_G1A3E3S0C0_LHJ_000576.wav,Angry,밉다,0.5083,0.5804,0.457
3.분노/0043_G2A4E3S0C0_GYJ/0043_G2A4E3S0C0_GYJ_001100.wav,Angry,아니꼽다,0.4728,0.5286,0.5109
3.분노/0006_G1A3E3S0C0_LHJ/0006_G1A3E3S0C0_LHJ_000219.wav,Angry,기막히다,0.5445,0.6035,0.2624
3.분노/0018_G2A3E3S0C0_JBR/0018_G2A3E3S0C0_JBR_001607.wav,Angry,언짢다,0.5054,0.5611,0.4471
3.분노/0018_G2A3E3S0C0_JBR/0018_G2A3E3S0C0_JBR_000527.wav,Angry,무례하다,0.4661,0.5483,0.5716
3.분노/0006_G1A3E3S0C0_LHJ/0006_G1A3E3S0C0_LHJ_000445.wav,Angry,끔찍하다,0.6198,0.6474,0.6349
4.불안/0007_G1A4E4S0C0_JYS/0007_G1A4E4S0C0_JYS_000805.wav,Anxious,두렵다,0.6192,0.6322,0.32
4.불안/0026_G2A3E4S0C0_JSH/0026_G2A3E4S0C0_JSH_000103.wav,Anxious,갑갑하다,0.3771,0.4407,0.3875
4.불안/0014_G2A3E4S0C0_ASH/0014_G2A3E4S0C0_ASH_001318.wav,Anxious,심란하다,0.3996,0.4566,0.3579
4.불안/0012_G1A2E4S0C0_CHY/0012_G1A2E4S0C0_CHY_001133.wav,Anxious,심란하다,0.3277,0.4204,0.3919
4.불안/0014_G2A3E4S0C0_ASH/0014_G2A3E4S0C0_ASH_000714.wav,Anxious,두렵다,0.5674,0.5979,0.5941
4.불안/0014_G2A3E4S0C0_ASH/0014_G2A3E4S0C0_ASH_000467.wav,Anxious,다급하다,0.5889,0.6103,0.3623
4.불안/0012_G1A2E4S0C0_CHY/0012_G1A2E4S0C0_CHY_000852.wav,Anxious,불확실하다,0.4262,0.5084,0.3218
4.불안/0014_G2A3E4S0C0_ASH/0014_G2A3E4S0C0_ASH_000213.wav,Anxious,고통스럽다,0.5618,0.6032,0.6488
4.불안/0012_G1A2E4S0C0_CHY/0012_G1A2E4S0C0_CHY_001238.wav,Anxious,심란하다,0.3993,0.4761,0.5369
4.불안/0007_G1A4E4S0C0_JYS/0007_G1A4E4S0C0_JYS_000424.wav,Anxious,다급하다,0.6099,0.6469,0.4143
4.불안/0026_G2A3E4S0C0_JSH/0026_G2A3E4S0C0_JSH_000895.wav,Anxious,불확실하다,0.5597,0.5545,0.2774
4.불안/0007_G1A4E4S0C0_JYS/0007_G1A4E4S0C0_JYS_001623.wav,Anxious,위험하다,0.5111,0.5474,0.4939
4.불안/0026_G2A3E4S0C0_JSH/0026_G2A3E4S0C0_JSH_000548.wav,Anxious,두렵다,0.3924,0.4335,0.2869
4.불안/0014_G2A3E4S0C0_ASH/0014_G2A3E4S0C0_ASH_000076.wav,Anxious,갑갑하다,0.327,0.4098,0.4233
4.불안/0007_G1A4E4S0C0_JYS/0007_G1A4E4S0C0_JYS_001853.wav,Anxious,의심스럽다,0.5341,0.5654,0.5728
4.불안/0026_G2A3E4S0C0_JSH/0026_G2A3E4S0C0_JSH_000471.wav,Anxious,다급하다,0.5047,0.5624,0.551
4.불안/0007_G1A4E4S0C0_JYS/0007_G1A4E4S0C0_JYS_001927.wav,Anxious,조마조마하다,0.5328,0.5662,0.4181
4.불안/0012_G1A2E4S0C0_CHY/0012_G1A2E4S0C0_CHY_001149.wav,Anxious,심란하다,0.374,0.4874,0.5719
4.불안/0026_G2A3E4S0C0_JSH/0026_G2A3E4S0C0_JSH_001020.wav,Anxious,수상하다,0.4079,0.4644,0.4749
4.불안/0007_G1A4E4S0C0_JYS/0007_G1A4E4S0C0_JYS_001962.wav,Anxious,조마조마하다,0.5963,0.6155,0.4204
4.불안/0012_G1A2E4S0C0_CHY/0012_G1A2E4S0C0_CHY_001468.wav,Anxious,약하다,0.2596,0.3602,0.4201
4.불안/0007_G1A4E4S0C0_JYS/0007_G1A4E4S0C0_JYS_001455.wav,Anxious,아득하다,0.475,0.5438,0.4965
4.불안/0026_G2A3E4S0C0_JSH/0026_G2A3E4S0C0_JSH_000570.wav,Anxious,두렵다,0.5092,0.4936,0.2445
4.불안/0014_G2A3E4S0C0_ASH/0014_G2A3E4S0C0_ASH_001316.wav,Anxious,심란하다,0.4233,0.4883,0.5481
4.불안/0007_G1A4E4S0C0_JYS/0007_G1A4E4S0C0_JYS_001865.wav,Anxious,의심스럽다,0.4231,0.5062,0.4694
4.불안/0026_G2A3E4S0C0_JSH/0026_G2A3E4S0C0_JSH_000157.wav,Anxious,고통스럽다,0.4705,0.4941,0.2454
4.불안/0026_G2A3E4S0C0_JSH/0026_G2A3E4S0C0_JSH_001218.wav,Anxious,심란하다,0.4564,0.5123,0.4611
4.불안/0012_G1A2E4S0C0_CHY/0012_G1A2E4S0C0_CHY_001721.wav,Anxious,의심스럽다,0.3702,0.4502,0.5209
4.불안/0012_G1A2E4S0C0_CHY/0012_G1A2E4S0C0_CHY_000609.wav,Anxious,두렵다,0.3324,0.4468,0.4124
4.불안/0014_G2A3E4S0C0_ASH/0014_G2A3E4S0C0_ASH_000290.wav,Anxious,꺼림칙하다,0.6118,0.6292,0.4032
4.불안/0007_G1A4E4S0C0_JYS/0007_G1A4E4S0C0_JYS_000347.wav,Anxious,꺼림칙하다,0.5367,0.5812,0.4245
4.불안/0012_G1A2E4S0C0_CHY/0012_G1A2E4S0C0_CHY_000368.wav,Anxious,다급하다,0.5224,0.5756,0.3515
4.불안/0026_G2A3E4S0C0_JSH/0026_G2A3E4S0C0_JSH_000246.wav,Anxious,꺼림칙하다,0.3556,0.4562,0.5156
4.불안/0007_G1A4E4S0C0_JYS/0007_G1A4E4S0C0_JYS_000737.wav,Anxious,두렵다,0.5304,0.5735,0.54
4.불안/0007_G1A4E4S0C0_JYS/0007_G1A4E4S0C0_JYS_000534.wav,Anxious,두렵다,0.4794,0.5812,0.1151
4.불안/0007_G1A4E4S0C0_JYS/0007_G1A4E4S0C0_JYS_001646.wav,Anxious,의심스럽다,0.521,0.5879,0.5451
4.불안/0026_G2A3E4S0C0_JSH/0026_G2A3E4S0C0_JSH_001655.wav,Anxious,의심스럽다,0.4236,0.4745,0.2903
4.불안/0007_G1A4E4S0C0_JYS/0007_G1A4E4S0C0_JYS_001860.wav,Anxious,의심스럽다,0.5175,0.5789,0.3506
4.불안/0012_G1A2E4S0C0_CHY/0012_G1A2E4S0C0_CHY_001512.wav,Anxious,위험하다,0.3634,0.4538,0.5259
4.불안/0026_G2A3E4S0C0_JSH/0026_G2A3E4S0C0_JSH_000580.wav,Anxious,두렵다,0.5653,0.6009,0.4974
4.불안/0014_G2A3E4S0C0_ASH/0014_G2A3E4S0C0_ASH_001699.wav,Anxious,의심스럽다,0.5705,0.6123,0.4927
4.불안/0026_G2A3E4S0C0_JSH/0026_G2A3E4S0C0_JSH_001516.wav,Anxious,위험하다,0.4513,0.4764,0.3806
4.불안/0012_G1A2E4S0C0_CHY/0012_G1A2E4S0C0_CHY_000857.wav,Anxious,불확실하다,0.3658,0.4523,0.3931
4.불안/0012_G1A2E4S0C0_CHY/0012_G1A2E4S0C0_CHY_001435.wav,Anxious,아득하다,0.2118,0.3229,0.3526
4.불안/0007_G1A4E4S0C0_JYS/0007_G1A4E4S0C0_JYS_001058.wav,Anxious,수상하다,0.4874,0.5333,0.4808
4.불안/0014_G2A3E4S0C0_ASH/0014_G2A3E4S0C0_ASH_000284.wav,Anxious,꺼림칙하다,0.4639,0.5181,0.4327
4.불안/0007_G1A4E4S0C0_JYS/0007_G1A4E4S0C0_JYS_000382.wav,Anxious,다급하다,0.594,0.629,0.452
4.불안/0007_G1A4E4S0C0_JYS/0007_G1A4E4S0C0_JYS_000570.wav,Anxious,두렵다,0.6076,0.6089,0.4155
4.불안/0007_G1A4E4S0C0_JYS/0007_G1A4E4S0C0_JYS_001424.wav,Anxious,아득하다,0.4626,0.5274,0.4683
4.불안/0014_G2A3E4S0C0_ASH/0014_G2A3E4S0C0_ASH_000591.wav,Anxious,두렵다,0.4436,0.5266,0.2483
5.상처/0026_G2A3E5S0C0_JSH/0026_G2A3E5S0C0_JSH_001798.wav,Hurt,슬프다,0.2273,0.3306,0.3399
5.상처/0026_G2A3E5S0C0_JSH/0026_G2A3E5S0C0_JSH_000271.wav,Hurt,괴롭다,0.4577,0.4998,0.4367
5.상처/0026_G2A3E5S0C0_JSH/0026_G2A3E5S0C0_JSH_001193.wav,Hurt,뼈아프다,0.5358,0.5624,0.4285
5.상처/0021_G1A3E5S0C0_GTE/0021_G1A3E5S0C0_GTE_001268.wav,Hurt,뼈아프다,0.3469,0.4688,0.44
5.상처/0014_G2A3E5S0C0_ASH/0014_G2A3E5S0C0_ASH_001974.wav,Hurt,쓰리다,0.3275,0.4709,0.1282
5.상처/0021_G1A3E5S0C0_GTE/0021_G1A3E5S0C0_GTE_000721.wav,Hurt,못되다,0.4307,0.5157,0.5653
5.상처/0026_G2A3E5S0C0_JSH/0026_G2A3E5S0C0_JSH_001266.wav,Hurt,뼈아프다,0.5323,0.5799,0.4312
5.상처/0026_G2A3E5S0C0_JSH/0026_G2A3E5S0C0_JSH_001034.wav,Hurt,불행하다,0.3467,0.4356,0.3804
5.상처/0014_G2A3E5S0C0_ASH/0014_G2A3E5S0C0_ASH_000578.wav,Hurt,냉정하다,0.3811,0.4892,0.4973
5.상처/0005_G1A3E5S0C0_LJB/0005_G1A3E5S0C0_LJB_001649.wav,Hurt,슬프다,0.3487,0.4248,0.2769
5.상처/0021_G1A3E5S0C0_GTE/0021_G1A3E5S0C0_GTE_001711.wav,Hurt,슬프다,0.4219,0.4988,0.5415
5.상처/0026_G2A3E5S0C0_JSH/0026_G2A3E5S0C0_JSH_000454.wav,Hurt,냉정하다,0.3892,0.4678,0.3248
5.상처/0021_G1A3E5S0C0_GTE/0021_G1A3E5S0C0_GTE_001045.wav,Hurt,불행하다,0.3206,0.4462,0.6238
5.상처/0021_G1A3E5S0C0_GTE/0021_G1A3E5S0C0_GTE_001481.wav,Hurt,섭섭하다,0.3377,0.435,0.446
5.상처/0014_G2A3E5S0C0_ASH/0014_G2A3E5S0C0_ASH_000179.wav,Hurt,고통스럽다,0.5871,0.6201,0.5313
5.상처/0021_G1A3E5S0C0_GTE/0021_G1A3E5S0C0_GTE_000168.wav,Hurt,고통스럽다,0.4544,0.5586,0.5867
5.상처/0026_G2A3E5S0C0_JSH/0026_G2A3E5S0C0_JSH_001710.wav,Hurt,슬프다,0.5209,0.565,0.4648
5.상처/0026_G2A3E5S0C0_JSH/0026_G2A3E5S0C0_JSH_000712.wav,Hurt,매정하다,0.3015,0.4139,0.3275
5.상처/0014_G2A3E5S0C0_ASH/0014_G2A3E5S0C0_ASH_000890.wav,Hurt,무관심하다,0.5113,0.593,0.5367
5.상처/0005_G1A3E5S0C0_LJB/0005_G1A3E5S0C0_LJB_001406.wav,Hurt,서럽다,0.412,0.4741,0.4505
5.상처/0021_G1A3E5S0C0_GTE/0021_G1A3E5S0C0_GTE_000511.wav,Hurt,냉정하다,0.403,0.5062,0.5266
5.상처/0014_G2A3E5S0C0_ASH/0014_G2A3E5S0C0_ASH_001134.wav,Hurt,불행하다,0.3887,0.4827,0.3796
5.상처/0026_G2A3E5S0C0_JSH/0026_G2A3E5S0C0_JSH_002000.wav,Hurt,쓰리다,0.3769,0.4543,0.3892
5.상처/0005_G1A3E5S0C0_LJB/0005_G1A3E5S0C0_LJB_001652.wav,Hurt,슬프다,0.32,0.4312,0.3879
5.상처/0014_G2A3E5S0C0_ASH/0014_G2A3E5S0C0_ASH_000510.wav,Hurt,냉정하다,0.3772,0.4529,0.5238
5.상처/0021_G1A3E5S0C0_GTE/0021_G1A3E5S0C0_GTE_001933.wav,Hurt,쓰리다,0.3866,0.4837,0.1728
5.상처/0014_G2A3E5S0C0_ASH/0014_G2A3E5S0C0_ASH_000720.wav,Hurt,못되다,0.5865,0.6222,0.3477
5.상처/0005_G1A3E5S0C0_LJB/0005_G1A3E5S0C0_LJB_000913.wav,Hurt,밉다,0.4821,0.5544,0.3714
5.상처/0021_G1A3E5S0C0_GTE/0021_G1A3E5S0C0_GTE_001432.wav,Hurt,서럽다,0.4675,0.5275,0.5132
5.상처/0026_G2A3E5S0C0_JSH/0026_G2A3E5S0C0_JSH_000265.wav,Hurt,괴롭다,0.2958,0.3751,0.2693
5.상처/0021_G1A3E5S0C0_GTE/0021_G1A3E5S0C0_GTE_000884.wav,Hurt,무관심하다,0.3053,0.4166,0.4473
5.상처/0014_G2A3E5S0C0_ASH/0014_G2A3E5S0C0_ASH_001385.wav,Hurt,서럽다,0.2243,0.3756,0.3887
5.상처/0021_G1A3E5S0C0_GTE/0021_G1A3E5S0C0_GTE_000224.wav,Hurt,괴롭다,0.5575,0.5974,0.6572
5.상처/0014_G2A3E5S0C0_ASH/0014_G2A3E5S0C0_ASH_000681.wav,Hurt,매정하다,0.4521,0.5074,0.3869
5.상처/0014_G2A3E5S0C0_ASH/0014_G2A3E5S0C0_ASH_000902.wav,Hurt,밉다,0.614,0.6356,0.3504
5.상처/0026_G2A3E5S0C0_JSH/0026_G2A3E5S0C0_JSH_001102.wav,Hurt,불행하다,0.4881,0.555,0.5768
5.상처/0014_G2A3E5S0C0_ASH/0014_G2A3E5S0C0_ASH_000457.wav,Hurt,냉정하다,0.3968,0.486,0.5025
5.상처/0005_G1A3E5S0C0_LJB/0005_G1A3E5S0C0_LJB_000742.wav,Hurt,못되다,0.3999,0.4795,0.4896
5.상처/0005_G1A3E5S0C0_LJB/0005_G1A3E5S0C0_LJB_001040.wav,Hurt,불행하다,0.4387,0.4934,0.2772
5.상처/0014_G2A3E5S0C0_ASH/0014_G2A3E5S0C0_ASH_000392.wav,Hurt,괴롭다,0.4514,0.5191,0.4179
5.상처/0014_G2A3E5S0C0_ASH/0014_G2A3E5S0C0_ASH_001037.wav,Hurt,불행하다,0.5865,0.6235,0.5181
5.상처/0005_G1A3E5S0C0_LJB/0005_G1A3E5S0C0_LJB_000437.wav,Hurt,냉정하다,0.4855,0.5372,0.3414
5.상처/0005_G1A3E5S0C0_LJB/0005_G1A3E5S0C0_LJB_001224.wav,Hurt,뼈아프다,0.4635,0.5454,0.5206
5.상처/0021_G1A3E5S0C0_GTE/0021_G1A3E5S0C0_GTE_001489.wav,Hurt,섭섭하다,0.4594,0.5548,0.3619
5.상처/0014_G2A3E5S0C0_ASH/0014_G2A3E5S0C0_ASH_000869.wav,Hurt,무관심하다,0.368,0.4661,0.483
5.상처/0005_G1A3E5S0C0_LJB/0005_G1A3E5S0C0_LJB_000862.wav,Hurt,무관심하다,0.3636,0.463,0.25
5.상처/0026_G2A3E5S0C0_JSH/0026_G2A3E5S0C0_JSH_001099.wav,Hurt,불행하다,0.4971,0.5661,0.5831
5.상처/0005_G1A3E5S0C0_LJB/0005_G1A3E5S0C0_LJB_001386.wav,Hurt,서럽다,0.3996,0.4954,0.51
5.상처/0026_G2A3E5S0C0_JSH/0026_G2A3E5S0C0_JSH_001616.wav,Hurt,슬프다,0.3393,0.4231,0.4163
5.상처/0026_G2A3E5S0C0_JSH/0026_G2A3E5S0C0_JSH_000047.wav,Hurt,고통스럽다,0.413,0.5044,0.4091
6.당황/0033_G2A3E6S0C0_KMA/0033_G2A3E6S0C0_KMA_001470.wav,Embarrassed,아찔하다,0.6425,0.6095,0.3174
6.당황/0006_G1A3E6S0C0_LHJ/0006_G1A3E6S0C0_LHJ_001449.wav,Embarrassed,아찔하다,0.4562,0.5149,0.5589
6.당황/0020_G2A4E6S0C0_HGW/0020_G2A4E6S0C0_HGW_001819.wav,Embarrassed,엉뚱하다,0.6001,0.6408,0.4465
6.당황/0020_G2A4E6S0C0_HGW/0020_G2A4E6S0C0_HGW_001792.wav,Embarrassed,어리둥절하다,0.5469,0.5608,0.5033
6.당황/0006_G1A3E6S0C0_LHJ/0006_G1A3E6S0C0_LHJ_001913.wav,Embarrassed,창피하다,0.4501,0.5084,0.4841
6.당황/0020_G2A4E6S0C0_HGW/0020_G2A4E6S0C0_HGW_000746.wav,Embarrassed,기막히다,0.772,0.7633,0.4789
6.당황/0006_G1A3E6S0C0_LHJ/0006_G1A3E6S0C0_LHJ_000796.wav,Embarrassed,기막히다,0.5572,0.5863,0.4885
6.당황/0006_G1A3E6S0C0_LHJ/0006_G1A3E6S0C0_LHJ_000313.wav,Embarrassed,곤란하다,0.626,0.6233,0.5278
6.당황/0006_G1A3E6S0C0_LHJ/0006_G1A3E6S0C0_LHJ_000645.wav,Embarrassed,급하다,0.6281,0.6343,0.5485
6.당황/0020_G2A4E6S0C0_HGW/0020_G2A4E6S0C0_HGW_000296.wav,Embarrassed,곤란하다,0.6359,0.6713,0.5358
6.당황/0020_G2A4E6S0C0_HGW/0020_G2A4E6S0C0_HGW_000685.wav,Embarrassed,급하다,0.5301,0.5538,0.4832
6.당황/0006_G1A3E6S0C0_LHJ/0006_G1A3E6S0C0_LHJ_001917.wav,Embarrassed,창피하다,0.4152,0.4857,0.4797
6.당황/0006_G1A3E6S0C0_LHJ/0006_G1A3E6S0C0_LHJ_000515.wav,Embarrassed,곤란하다,0.5684,0.5899,0.4672
6.당황/0006_G1A3E6S0C0_LHJ/0006_G1A3E6S0C0_LHJ_001580.wav,Embarrassed,어리둥절하다,0.3382,0.4094,0.5052
6.당황/0001_G1A3E6S0C0_PSB/0001_G1A3E6S0C0_PSB_001894.wav,Embarrassed,창피하다,0.4267,0.4847,0.4328
6.당황/0006_G1A3E6S0C0_LHJ/0006_G1A3E6S0C0_LHJ_001014.wav,Embarrassed,난데없다,0.5331,0.5634,0.4239
6.당황/0001_G1A3E6S0C0_PSB/0001_G1A3E6S0C0_PSB_001646.wav,Embarrassed,어리둥절하다,0.5028,0.5753,0.5891
6.당황/0033_G2A3E6S0C0_KMA/0033_G2A3E6S0C0_KMA_000031.wav,Embarrassed,갑작스럽다,0.5914,0.5854,0.5029
6.당황/0006_G1A3E6S0C0_LHJ/0006_G1A3E6S0C0_LHJ_000738.wav,Embarrassed,기막히다,0.6393,0.6496,0.4833
6.당황/0020_G2A4E6S0C0_HGW/0020_G2A4E6S0C0_HGW_001151.wav,Embarrassed,버겁다,0.631,0.6487,0.5765
6.당황/0006_G1A3E6S0C0_LHJ/0006_G1A3E6S0C0_LHJ_001710.wav,Embarrassed,어리둥절하다,0.4708,0.5191,0.4231
6.당황/0033_G2A3E6S0C0_KMA/0033_G2A3E6S0C0_KMA_001098.wav,Embarrassed,망하다,0.3282,0.3768,0.3924
6.당황/0020_G2A4E6S0C0_HGW/0020_G2A4E6S0C0_HGW_001279.wav,Embarrassed,부끄럽다,0.6794,0.6901,0.4723
6.당황/0033_G2A3E6S0C0_KMA/0033_G2A3E6S0C0_KMA_001070.wav,Embarrassed,남사스럽다,0.6489,0.6342,0.5211
6.당황/0006_G1A3E6S0C0_LHJ/0006_G1A3E6S0C0_LHJ_000292.wav,Embarrassed,곤란하다,0.4601,0.4972,0.5028
6.당황/0020_G2A4E6S0C0_HGW/0020_G2A4E6S0C0_HGW_001379.wav,Embarrassed,아찔하다,0.5838,0.6022,0.3877
6.당황/0006_G1A3E6S0C0_LHJ/0006_G1A3E6S0C0_LHJ_001209.wav,Embarrassed,버겁다,0.4941,0.5404,0.5183
6.당황/0020_G2A4E6S0C0_HGW/0020_G2A4E6S0C0_HGW_000369.wav,Embarrassed,곤란하다,0.6789,0.6808,0.5753
6.당황/0001_G1A3E6S0C0_PSB/0001_G1A3E6S0C0_PSB_000685.wav,Embarrassed,급하다,0.3629,0.446,0.3456
6.당황/0001_G1A3E6S0C0_PSB/0001_G1A3E6S0C0_PSB_001588.wav,Embarrassed,어리둥절하다,0.3857,0.469,0.4845
6.당황/0020_G2A4E6S0C0_HGW/0020_G2A4E6S0C0_HGW_000196.wav,Embarrassed,갑작스럽다,0.5887,0.6136,0.4631
6.당황/0020_G2A4E6S0C0_HGW/0020_G2A4E6S0C0_HGW_000649.wav,Embarrassed,급하다,0.6914,0.691,0.5185
6.당황/0033_G2A3E6S0C0_KMA/0033_G2A3E6S0C0_KMA_000831.wav,Embarrassed,기막히다,0.6313,0.6287,0.5885
6.당황/0006_G1A3E6S0C0_LHJ/0006_G1A3E6S0C0_LHJ_000754.wav,Embarrassed,기막히다,0.5452,0.5938,0.5966
6.당황/0001_G1A3E6S0C0_PSB/0001_G1A3E6S0C0_PSB_000510.wav,Embarrassed,곤란하다,0.393,0.4714,0.4648
6.당황/0033_G2A3E6S0C0_KMA/0033_G2A3E6S0C0_KMA_000445.wav,Embarrassed,곤란하다,0.5866,0.5931,0.5513
6.당황/0001_G1A3E6S0C0_PSB/0001_G1A3E6S0C0_PSB_001344.wav,Embarrassed,아찔하다,0.5837,0.6095,0.2185
6.당황/0033_G2A3E6S0C0_KMA/0033_G2A3E6S0C0_KMA_001923.wav,Embarrassed,창피하다,0.6046,0.5341,0.2982
6.당황/0006_G1A3E6S0C0_LHJ/0006_G1A3E6S0C0_LHJ_000631.wav,Embarrassed,급하다,0.505,0.5508,0.5523
6.당황/0006_G1A3E6S0C0_LHJ/0006_G1A3E6S0C0_LHJ_000426.wav,Embarrassed,곤란하다,0.572,0.5948,0.5858
6.당황/0006_G1A3E6S0C0_LHJ/0006_G1A3E6S0C0_LHJ_001863.wav,Embarrassed,엉뚱하다,0.4433,0.4927,0.4829
6.당황/0020_G2A4E6S0C0_HGW/0020_G2A4E6S0C0_HGW_000455.wav,Embarrassed,곤란하다,0.6754,0.6642,0.5749
6.당황/0033_G2A3E6S0C0_KMA/0033_G2A3E6S0C0_KMA_001901.wav,Embarrassed,창피하다,0.5066,0.5055,0.3659
6.당황/0033_G2A3E6S0C0_KMA/0033_G2A3E6S0C0_KMA_000768.wav,Embarrassed,기막히다,0.6984,0.6972,0.5191
6.당황/0033_G2A3E6S0C0_KMA/0033_G2A3E6S0C0_KMA_001348.wav,Embarrassed,아찔하다,0.6255,0.628,0.4966
6.당황/0033_G2A3E6S0C0_KMA/0033_G2A3E6S0C0_KMA_001020.wav,Embarrassed,난데없다,0.709,0.7258,0.6237
6.당황/0033_G2A3E6S0C0_KMA/0033_G2A3E6S0C0_KMA_000444.wav,Embarrassed,곤란하다,0.6081,0.6297,0.1993
6.당황/0001_G1A3E6S0C0_PSB/0001_G1A3E6S0C0_PSB_000657.wav,Embarrassed,급하다,0.4527,0.5181,0.536
6.당황/0020_G2A4E6S0C0_HGW/0020_G2A4E6S0C0_HGW_001353.wav,Embarrassed,아찔하다,0.632,0.6251,0.509
6.당황/0006_G1A3E6S0C0_LHJ/0006_G1A3E6S0C0_LHJ_000428.wav,Embarrassed,곤란하다,0.4912,0.5333,0.418
7.중립/0028_G2A3E7S0C0_KJS/0028_G2A3E7S0C0_KJS_000084.wav,Neutrality,담백하다,0.415,0.5087,0.3414
7.중립/0028_G2A3E7S0C0_KJS/0028_G2A3E7S0C0_KJS_000893.wav,Neutrality,뚜렷하다,0.3469,0.4501,0.4261
7.중립/0028_G2A3E7S0C0_KJS/0028_G2A3E7S0C0_KJS_001383.wav,Neutrality,엄중하다,0.3932,0.4877,0.4485
7.중립/0007_G1A4E7S0C0_JYS/0007_G1A4E7S0C0_JYS_001452.wav,Neutrality,엄중하다,0.5174,0.5835,0.5197
7.중립/0007_G1A4E7S0C0_JYS/0007_G1A4E7S0C0_JYS_000605.wav,Neutrality,담백하다,0.4547,0.5249,0.4963
7.중립/0009_G1A3E7S0C0_JYW/0009_G1A3E7S0C0_JYW_001124.wav,Neutrality,뚜렷하다,0.3893,0.5115,0.5058
7.중립/0028_G2A3E7S0C0_KJS/0028_G2A3E7S0C0_KJS_001523.wav,Neutrality,예사롭다,0.3668,0.4526,0.4765
7.중립/0009_G1A3E7S0C0_JYW/0009_G1A3E7S0C0_JYW_001032.wav,Neutrality,뚜렷하다,0.3265,0.4249,0.3976
7.중립/0044_G2A5E7S0C0_KTH/0044_G2A5E7S0C0_KTH_001775.wav,Neutrality,자세하다,0.4807,0.5559,0.5844
7.중립/0044_G2A5E7S0C0_KTH/0044_G2A5E7S0C0_KTH_000449.wav,Neutrality,담백하다,0.4284,0.5078,0.433
7.중립/0007_G1A4E7S0C0_JYS/0007_G1A4E7S0C0_JYS_001381.wav,Neutrality,엄중하다,0.5066,0.5971,0.4602
7.중립/0009_G1A3E7S0C0_JYW/0009_G1A3E7S0C0_JYW_000907.wav,Neutrality,뚜렷하다,0.3502,0.4375,0.3724
7.중립/0007_G1A4E7S0C0_JYS/0007_G1A4E7S0C0_JYS_001518.wav,Neutrality,예사롭다,0.5776,0.625,0.5485
7.중립/0007_G1A4E7S0C0_JYS/0007_G1A4E7S0C0_JYS_000375.wav,Neutrality,담백하다,0.4655,0.5405,0.6347
7.중립/0028_G2A3E7S0C0_KJS/0028_G2A3E7S0C0_KJS_001082.wav,Neutrality,뚜렷하다,0.3072,0.426,0.3931
7.중립/0009_G1A3E7S0C0_JYW/0009_G1A3E7S0C0_JYW_001444.wav,Neutrality,엄중하다,0.3061,0.4203,0.4838
7.중립/0007_G1A4E7S0C0_JYS/0007_G1A4E7S0C0_JYS_000081.wav,Neutrality,녹녹하다,0.5508,0.6059,0.439
7.중립/0009_G1A3E7S0C0_JYW/0009_G1A3E7S0C0_JYW_000056.wav,Neutrality,긴밀하다,0.4106,0.4923,0.4862
7.중립/0007_G1A4E7S0C0_JYS/0007_G1A4E7S0C0_JYS_000245.wav,Neutrality,담백하다,0.497,0.5695,0.4918
7.중립/0009_G1A3E7S0C0_JYW/0009_G1A3E7S0C0_JYW_001686.wav,Neutrality,자세하다,0.3333,0.4663,0.2033
7.중립/0009_G1A3E7S0C0_JYW/0009_G1A3E7S0C0_JYW_001283.wav,Neutrality,엄밀하다,0.2134,0.3475,0.3607
7.중립/0009_G1A3E7S0C0_JYW/0009_G1A3E7S0C0_JYW_001659.wav,Neutrality,자세하다,0.3354,0.4422,0.3022
7.중립/0044_G2A5E7S0C0_KTH/0044_G2A5E7S0C0_KTH_000490.wav,Neutrality,담백하다,0.4611,0.5319,0.5823
7.중립/0044_G2A5E7S0C0_KTH/0044_G2A5E7S0C0_KTH_000150.wav,Neutrality,담백하다,0.5347,0.5963,0.6202
7.중립/0007_G1A4E7S0C0_JYS/0007_G1A4E7S0C0_JYS_001245.wav,Neutrality,어렴풋하다,0.5045,0.5753,0.4378
7.중립/0009_G1A3E7S0C0_JYW/0009_G1A3E7S0C0_JYW_001643.wav,Neutrality,자세하다,0.318,0.4278,0.4621
7.중립/0044_G2A5E7S0C0_KTH/0044_G2A5E7S0C0_KTH_000310.wav,Neutrality,담백하다,0.4886,0.5432,0.4694
7.중립/0044_G2A5E7S0C0_KTH/0044_G2A5E7S0C0_KTH_001488.wav,Neutrality,엄중하다,0.421,0.5281,0.2373
7.중립/0044_G2A5E7S0C0_KTH/0044_G2A5E7S0C0_KTH_000175.wav,Neutrality,담백하다,0.4156,0.5133,0.4328
7.중립/0028_G2A3E7S0C0_KJS/0028_G2A3E7S0C0_KJS_000717.wav,Neutrality,담백하다,0.2582,0.3804,0.4403
7.중립/0007_G1A4E7S0C0_JYS/0007_G1A4E7S0C0_JYS_001184.wav,Neutrality,어렴풋하다,0.459,0.532,0.4473
7.중립/0007_G1A4E7S0C0_JYS/0007_G1A4E7S0C0_JYS_000529.wav,Neutrality,담백하다,0.5821,0.6382,0.2727
7.중립/0028_G2A3E7S0C0_KJS/0028_G2A3E7S0C0_KJS_000092.wav,Neutrality,담백하다,0.351,0.4586,0.4434
7.중립/0028_G2A3E7S0C0_KJS/0028_G2A3E7S0C0_KJS_001164.wav,Neutrality,어렴풋하다,0.1544,0.2998,0.2169
7.중립/0044_G2A5E7S0C0_KTH/0044_G2A5E7S0C0_KTH_001483.wav,Neutrality,엄중하다,0.4489,0.5005,0.6417
7.중립/0007_G1A4E7S0C0_JYS/0007_G1A4E7S0C0_JYS_001619.wav,Neutrality,예사롭다,0.4736,0.55,0.5717
7.중립/0044_G2A5E7S0C0_KTH/0044_G2A5E7S0C0_KTH_001820.wav,Neutrality,자세하다,0.4741,0.5394,0.5504
7.중립/0007_G1A4E7S0C0_JYS/0007_G1A4E7S0C0_JYS_000864.wav,Neutrality,뚜렷하다,0.4499,0.5349,0.5129
7.중립/0044_G2A5E7S0C0_KTH/0044_G2A5E7S0C0_KTH_001191.wav,Neutrality,어렴풋하다,0.4495,0.5287,0.5821
7.중립/0044_G2A5E7S0C0_KTH/0044_G2A5E7S0C0_KTH_000526.wav,Neutrality,담백하다,0.4954,0.5508,0.5482
7.중립/0044_G2A5E7S0C0_KTH/0044_G2A5E7S0C0_KTH_001996.wav,Neutrality,자세하다,0.4927,0.5774,0.6315
7.중립/0007_G1A4E7S0C0_JYS/0007_G1A4E7S0C0_JYS_000797.wav,Neutrality,담백하다,0.4579,0.5343,0.4527
7.중립/0007_G1A4E7S0C0_JYS/0007_G1A4E7S0C0_JYS_001080.wav,Neutrality,뚜렷하다,0.4965,0.5537,0.5996
7.중립/0009_G1A3E7S0C0_JYW/0009_G1A3E7S0C0_JYW_000612.wav,Neutrality,담백하다,0.3119,0.4261,0.4681
7.중립/0009_G1A3E7S0C0_JYW/0009_G1A3E7S0C0_JYW_000434.wav,Neutrality,담백하다,0.321,0.4286,0.4247
7.중립/0009_G1A3E7S0C0_JYW/0009_G1A3E7S0C0_JYW_000852.wav,Neutrality,뚜렷하다,0.3568,0.4534,0.3634
7.중립/0007_G1A4E7S0C0_JYS/0007_G1A4E7S0C0_JYS_000710.wav,Neutrality,담백하다,0.4776,0.5364,0.5257
7.중립/0044_G2A5E7S0C0_KTH/0044_G2A5E7S0C0_KTH_001447.wav,Neutrality,엄중하다,0.5186,0.5937,0.5924
7.중립/0009_G1A3E7S0C0_JYW/0009_G1A3E7S0C0_JYW_000002.wav,Neutrality,긴밀하다,0.327,0.4156,0.4194
7.중립/0044_G2A5E7S0C0_KTH/0044_G2A5E7S0C0_KTH_001609.wav,Neutrality,예사롭다,0.4576,0.5294,0.5443
